2026-06-15 00:38:34,016 : INFO : root : Loading config.
2026-06-15 00:38:34,021 : INFO : YamlMultifileConfigLoader : Machine config file #1: config.yaml
2026-06-15 00:38:34,021 : INFO : ConfigProcessor : Loading config from cache: C:\Users\mpf\AppData\Local\Temp\6d5b600d7be1a6495e3e5a66bc905d87.mpf_cache
2026-06-15 00:38:34,174 : INFO : ConfigProcessor : Loading config from cache: C:\Users\mpf\AppData\Local\Temp\8f40fc9be560776ef72c29fc1142b5c0.mpf_cache
2026-06-15 00:38:34,175 : INFO : ConfigProcessor : Loading config from cache: C:\Users\mpf\AppData\Local\Temp\280ef0bf7d2e5d11f4cb038a53adbb41.mpf_cache
2026-06-15 00:38:34,176 : INFO : Machine : Mission Pinball Framework Core Engine v0.80.0.dev13
2026-06-15 00:38:34,176 : INFO : Machine : Command line arguments: {'no_load_cache': False, 'create_config_cache': True, 'bcp': False, 'configfile': ['config.yaml'], 'force_assets_load': False, 'platform_integration_test': False, 'jsonlogging': False, 'logfile': 'logs\\2026-06-15-00-38-34-mpf-DESKTOP-OC28BPB.log', 'pause': False, 'production': False, 'text_ui': False, 'loglevel': 15, 'consoleloglevel': 20, 'force_platform': None, 'syslog_address': None, 'full_logfile_path': 'C:\\pinball\\logs\\2026-06-15-00-38-34-mpf-DESKTOP-OC28BPB.log'}
2026-06-15 00:38:34,176 : INFO : Machine : MPF path: C:\Users\mpf\AppData\Local\Programs\Python\Python313\Lib\site-packages\mpf
2026-06-15 00:38:34,176 : INFO : Machine : Machine path: C:\pinball
2026-06-15 00:38:34,176 : INFO : Machine : Platform: win32
2026-06-15 00:38:34,176 : INFO : Machine : Python executable location: C:\Users\mpf\AppData\Local\Programs\Python\Python313\python.exe
2026-06-15 00:38:34,176 : INFO : Machine : Python version: 3.13.12 (64-bit)
2026-06-15 00:38:34,178 : INFO : Machine : Initializing MPF...
2026-06-15 00:38:34,330 : INFO : FAST : Auto-detecting ports for the following connections: ['net']
2026-06-15 00:38:34,376 : INFO : FAST : Detected NET on port COM4
2026-06-15 00:38:34,490 : INFO : FAST [NET] : Trying to connect to COM4 at 921600bps
2026-06-15 00:38:34,497 : INFO : FAST [NET] : Connected to COM4 at 921600bps
2026-06-15 00:38:34,503 : INFO : FAST [NET] : Connected to FP-CPU-2000 with firmware v02.26
2026-06-15 00:38:34,534 : INFO : FAST [NET] : Registered I/O Board 0: Model: FP-I/O-3208, Firmware: 01.10, Switches: 32, Drivers: 8
2026-06-15 00:38:34,535 : INFO : EventManager : Event: ======'machine_var_credits_string'====== Args={'value': 'FREE PLAY', 'prev_value': None, 'change': True}
2026-06-15 00:38:34,564 : INFO : EventManager : Event: ======'machine_var_master_volume'====== Args={'value': 0.5, 'prev_value': None, 'change': True}
2026-06-15 00:38:34,564 : INFO : EventManager : Event: ======'machine_var_mpf_version'====== Args={'value': 'Mission Pinball Framework v0.80.0.dev13', 'prev_value': None, 'change': True}
2026-06-15 00:38:34,564 : INFO : EventManager : Event: ======'machine_var_mpf_extended_version'====== Args={'value': 'Mission Pinball Framework v0.80.0.dev13, Config version:6, Show version: 6, BCP version:1.1', 'prev_value': None, 'change': True}
2026-06-15 00:38:34,564 : INFO : EventManager : Event: ======'machine_var_python_version'====== Args={'value': '3.13.12', 'prev_value': None, 'change': True}
2026-06-15 00:38:34,602 : INFO : EventManager : Event: ======'machine_var_platform'====== Args={'value': 'Windows-11-10.0.26200-SP0', 'prev_value': None, 'change': True}
2026-06-15 00:38:34,602 : INFO : EventManager : Event: ======'machine_var_platform_system'====== Args={'value': 'Windows', 'prev_value': None, 'change': True}
2026-06-15 00:38:34,602 : INFO : EventManager : Event: ======'machine_var_platform_release'====== Args={'value': '11', 'prev_value': None, 'change': True}
2026-06-15 00:38:34,602 : INFO : EventManager : Event: ======'machine_var_platform_version'====== Args={'value': '10.0.26200', 'prev_value': None, 'change': True}
2026-06-15 00:38:34,602 : INFO : EventManager : Event: ======'machine_var_platform_machine'====== Args={'value': 'AMD64', 'prev_value': None, 'change': True}
2026-06-15 00:38:34,603 : INFO : EventManager : Event: ======'machine_var_log_file_path'====== Args={'value': 'C:\\pinball\\logs\\2026-06-15-00-38-34-mpf-DESKTOP-OC28BPB.log', 'prev_value': None, 'change': True}
2026-06-15 00:38:34,603 : INFO : EventManager : Event: ======'init_phase_1'====== Args={}
2026-06-15 00:38:37,125 : INFO : SwitchController : <<<<<<< 's_trough_ball_jam' active >>>>>>>
2026-06-15 00:38:37,126 : INFO : SwitchController : <<<<<<< 's_trough_ball_1' active >>>>>>>
2026-06-15 00:38:37,126 : INFO : EventManager : Event: ======'init_phase_2'====== Args={}
2026-06-15 00:38:37,128 : INFO : SwitchController : Found active switch: (6, [FAST Platform Interface]) <switch.s_trough_ball_jam>
2026-06-15 00:38:37,128 : INFO : SwitchController : Found active switch: (0, [FAST Platform Interface]) <switch.s_trough_ball_1>
2026-06-15 00:38:37,635 : INFO : ball_device.bd_trough : BCH: Initial count: 1
2026-06-15 00:38:37,636 : INFO : ball_device.bd_trough : State: idle
2026-06-15 00:38:37,637 : INFO : ball_device.bd_plunger : BCH: Initial count: 0
2026-06-15 00:38:37,637 : INFO : ball_device.bd_plunger : State: idle
2026-06-15 00:38:37,664 : INFO : EventManager : Event: ======'init_phase_3'====== Args={}
2026-06-15 00:38:37,666 : INFO : EventManager : Event: ======'init_phase_4'====== Args={}
2026-06-15 00:38:37,666 : INFO : BallController : Initial balls found: 1
2026-06-15 00:38:37,668 : INFO : EventManager : Event: ======'machine_var_audits_events_game_ended'====== Args={'value': 0, 'prev_value': None, 'change': True}
2026-06-15 00:38:37,668 : INFO : EventManager : Event: ======'machine_var_audits_events_game_started'====== Args={'value': 12, 'prev_value': None, 'change': True}
2026-06-15 00:38:37,668 : INFO : EventManager : Event: ======'machine_var_audits_missing_switches_s_flipper_left_eos'====== Args={'value': 8, 'prev_value': None, 'change': True}
2026-06-15 00:38:37,668 : INFO : EventManager : Event: ======'machine_var_audits_missing_switches_s_flipper_right_eos'====== Args={'value': 8, 'prev_value': None, 'change': True}
2026-06-15 00:38:37,668 : INFO : EventManager : Event: ======'machine_var_audits_missing_switches_s_launch'====== Args={'value': 8, 'prev_value': None, 'change': True}
2026-06-15 00:38:37,668 : INFO : EventManager : Event: ======'machine_var_audits_missing_switches_s_left_flipper'====== Args={'value': 8, 'prev_value': None, 'change': True}
2026-06-15 00:38:37,668 : INFO : EventManager : Event: ======'machine_var_audits_missing_switches_s_left_inlane'====== Args={'value': 4, 'prev_value': None, 'change': True}
2026-06-15 00:38:37,668 : INFO : EventManager : Event: ======'machine_var_audits_missing_switches_s_left_outlane'====== Args={'value': 4, 'prev_value': None, 'change': True}
2026-06-15 00:38:37,668 : INFO : EventManager : Event: ======'machine_var_audits_missing_switches_s_plunger'====== Args={'value': 4, 'prev_value': None, 'change': True}
2026-06-15 00:38:37,668 : INFO : EventManager : Event: ======'machine_var_audits_missing_switches_s_right_flipper'====== Args={'value': 8, 'prev_value': None, 'change': True}
2026-06-15 00:38:37,668 : INFO : EventManager : Event: ======'machine_var_audits_missing_switches_s_right_inlane'====== Args={'value': 10, 'prev_value': None, 'change': True}
2026-06-15 00:38:37,668 : INFO : EventManager : Event: ======'machine_var_audits_missing_switches_s_right_outlane'====== Args={'value': 10, 'prev_value': None, 'change': True}
2026-06-15 00:38:37,669 : INFO : EventManager : Event: ======'machine_var_audits_missing_switches_s_slingshot_left'====== Args={'value': 4, 'prev_value': None, 'change': True}
2026-06-15 00:38:37,669 : INFO : EventManager : Event: ======'machine_var_audits_missing_switches_s_slingshot_right'====== Args={'value': 4, 'prev_value': None, 'change': True}
2026-06-15 00:38:37,669 : INFO : EventManager : Event: ======'machine_var_audits_missing_switches_s_start'====== Args={'value': 12, 'prev_value': None, 'change': True}
2026-06-15 00:38:37,669 : INFO : EventManager : Event: ======'machine_var_audits_missing_switches_s_trough_ball_3'====== Args={'value': 12, 'prev_value': None, 'change': True}
2026-06-15 00:38:37,669 : INFO : EventManager : Event: ======'machine_var_audits_missing_switches_s_trough_ball_4'====== Args={'value': 12, 'prev_value': None, 'change': True}
2026-06-15 00:38:37,669 : INFO : EventManager : Event: ======'machine_var_audits_missing_switches_s_trough_ball_5'====== Args={'value': 12, 'prev_value': None, 'change': True}
2026-06-15 00:38:37,669 : INFO : EventManager : Event: ======'machine_var_audits_missing_switches_s_trough_ball_6'====== Args={'value': 12, 'prev_value': None, 'change': True}
2026-06-15 00:38:37,669 : INFO : EventManager : Event: ======'machine_var_audits_missing_switches_s_trough_ball_jam'====== Args={'value': 4, 'prev_value': None, 'change': True}
2026-06-15 00:38:37,669 : INFO : EventManager : Event: ======'machine_var_audits_player_score'====== Args={'value': {'average': 0, 'top': [], 'total': 0}, 'prev_value': None, 'change': True}
2026-06-15 00:38:37,669 : INFO : EventManager : Event: ======'machine_var_audits_switches_s_flipper_left_eos'====== Args={'value': 2, 'prev_value': None, 'change': True}
2026-06-15 00:38:37,669 : INFO : EventManager : Event: ======'machine_var_audits_switches_s_flipper_right_eos'====== Args={'value': 2, 'prev_value': None, 'change': True}
2026-06-15 00:38:37,669 : INFO : EventManager : Event: ======'machine_var_audits_switches_s_launch'====== Args={'value': 2, 'prev_value': None, 'change': True}
2026-06-15 00:38:37,669 : INFO : EventManager : Event: ======'machine_var_audits_switches_s_left_flipper'====== Args={'value': 2, 'prev_value': None, 'change': True}
2026-06-15 00:38:37,669 : INFO : EventManager : Event: ======'machine_var_audits_switches_s_left_inlane'====== Args={'value': 9, 'prev_value': None, 'change': True}
2026-06-15 00:38:37,669 : INFO : EventManager : Event: ======'machine_var_audits_switches_s_left_outlane'====== Args={'value': 3, 'prev_value': None, 'change': True}
2026-06-15 00:38:37,669 : INFO : EventManager : Event: ======'machine_var_audits_switches_s_plunger'====== Args={'value': 2, 'prev_value': None, 'change': True}
2026-06-15 00:38:37,669 : INFO : EventManager : Event: ======'machine_var_audits_switches_s_right_flipper'====== Args={'value': 2, 'prev_value': None, 'change': True}
2026-06-15 00:38:37,669 : INFO : EventManager : Event: ======'machine_var_audits_switches_s_right_inlane'====== Args={'value': 3, 'prev_value': None, 'change': True}
2026-06-15 00:38:37,669 : INFO : EventManager : Event: ======'machine_var_audits_switches_s_right_outlane'====== Args={'value': 3, 'prev_value': None, 'change': True}
2026-06-15 00:38:37,669 : INFO : EventManager : Event: ======'machine_var_audits_switches_s_slingshot_left'====== Args={'value': 9, 'prev_value': None, 'change': True}
2026-06-15 00:38:37,669 : INFO : EventManager : Event: ======'machine_var_audits_switches_s_slingshot_right'====== Args={'value': 9, 'prev_value': None, 'change': True}
2026-06-15 00:38:37,669 : INFO : EventManager : Event: ======'machine_var_audits_switches_s_start'====== Args={'value': 0, 'prev_value': None, 'change': True}
2026-06-15 00:38:37,670 : INFO : EventManager : Event: ======'machine_var_audits_switches_s_trough_ball_1'====== Args={'value': 83, 'prev_value': None, 'change': True}
2026-06-15 00:38:37,670 : INFO : EventManager : Event: ======'machine_var_audits_switches_s_trough_ball_2'====== Args={'value': 12, 'prev_value': None, 'change': True}
2026-06-15 00:38:37,670 : INFO : EventManager : Event: ======'machine_var_audits_switches_s_trough_ball_3'====== Args={'value': 0, 'prev_value': None, 'change': True}
2026-06-15 00:38:37,670 : INFO : EventManager : Event: ======'machine_var_audits_switches_s_trough_ball_4'====== Args={'value': 0, 'prev_value': None, 'change': True}
2026-06-15 00:38:37,670 : INFO : EventManager : Event: ======'machine_var_audits_switches_s_trough_ball_5'====== Args={'value': 0, 'prev_value': None, 'change': True}
2026-06-15 00:38:37,670 : INFO : EventManager : Event: ======'machine_var_audits_switches_s_trough_ball_6'====== Args={'value': 0, 'prev_value': None, 'change': True}
2026-06-15 00:38:37,670 : INFO : EventManager : Event: ======'machine_var_audits_switches_s_trough_ball_jam'====== Args={'value': 46, 'prev_value': None, 'change': True}
2026-06-15 00:38:37,670 : INFO : EventManager : Event: ======'init_phase_5'====== Args={}
2026-06-15 00:38:37,671 : INFO : EventManager : Event: ======'init_done'====== Args={}
2026-06-15 00:38:37,671 : INFO : EventManager : Event: ======'machine_reset_phase_1'====== Args={}
2026-06-15 00:38:37,671 : INFO : EventManager : Event: ======'machine_reset_phase_2'====== Args={}
2026-06-15 00:38:37,672 : INFO : EventManager : Event: ======'machine_reset_phase_3'====== Args={}
2026-06-15 00:38:37,672 : INFO : EventManager : Event: ======'reset_complete'====== Args={}
2026-06-15 00:38:37,673 : INFO : EventManager : Event: ======'mode_attract_will_start'====== Args={}
2026-06-15 00:38:37,673 : INFO : EventManager : Event: ======'mode_attract_starting'====== Args={}
2026-06-15 00:38:37,673 : INFO : Mode.attract : Started. Priority: 10
2026-06-15 00:38:37,674 : INFO : EventManager : Event: ======'modes_active_modes_changed'====== Args={}
2026-06-15 00:38:37,674 : INFO : EventManager : Event: ======'mode_attract_started'====== Args={}
2026-06-15 00:38:37,674 : INFO : EventManager : Event: ======'collecting_balls_complete'====== Args={}
2026-06-15 00:38:37,675 : INFO : Machine : Starting the main run loop with active modes: [<Mode.attract>]
2026-06-15 00:38:51,099 : INFO : SwitchController : <<<<<<< 's_start' active >>>>>>>
2026-06-15 00:38:51,288 : INFO : SwitchController : <<<<<<< 's_start' inactive >>>>>>>
2026-06-15 00:38:51,288 : INFO : EventManager : Event: ======'request_to_start_game'====== Args={}
2026-06-15 00:38:51,288 : INFO : EventManager : Event: ======'game_start'====== Args={'buttons': [], 'hold_time': 0.18939239997416735}
2026-06-15 00:38:51,288 : INFO : EventManager : Event: ======'mode_game_will_start'====== Args={'buttons': [], 'hold_time': 0.18939239997416735}
2026-06-15 00:38:51,289 : INFO : EventManager : Event: ======'mode_game_starting'====== Args={'buttons': [], 'hold_time': 0.18939239997416735}
2026-06-15 00:38:51,289 : INFO : EventManager : Event: ======'mode_attract_will_stop'====== Args={}
2026-06-15 00:38:51,289 : INFO : EventManager : Event: ======'mode_attract_stopping'====== Args={}
2026-06-15 00:38:51,289 : INFO : Mode.attract : Stopped.
2026-06-15 00:38:51,289 : INFO : EventManager : Event: ======'modes_active_modes_changed'====== Args={}
2026-06-15 00:38:51,289 : INFO : EventManager : Event: ======'mode_attract_stopped'====== Args={}
2026-06-15 00:38:51,289 : INFO : EventManager : Event: ======'clear'====== Args={'key': 'attract'}
2026-06-15 00:38:51,289 : INFO : Mode.game : Started. Priority: 20
2026-06-15 00:38:51,289 : INFO : EventManager : Event: ======'modes_active_modes_changed'====== Args={}
2026-06-15 00:38:51,289 : INFO : EventManager : Event: ======'mode_game_started'====== Args={'buttons': [], 'hold_time': 0.18939239997416735}
2026-06-15 00:38:51,290 : INFO : EventManager : Event: ======'game_will_start'====== Args={}
2026-06-15 00:38:51,290 : INFO : EventManager : Event: ======'game_starting'====== Args={'game': <Mode.game>}
2026-06-15 00:38:51,291 : INFO : EventManager : Unordered handler for class <Auditor> on event game_ended with priority 1. Handlers: [RegisteredHandler(callback=<bound method Auditor.disable of <Auditor>>, priority=1, kwargs={}, key=UUID('aecfc493-aa91-4e5d-bb48-5aa69a784001'), condition=None, blocking_facility=None), RegisteredHandler(callback=<bound method Auditor._save_audits of <Auditor>>, priority=1, kwargs={}, key=UUID('00e593a3-7118-4031-970c-ca6f43e29495'), condition=None, blocking_facility=None)]. The order of those handlers is not defined and they will be executed in random order. This might lead to race conditions and potential bugs.
2026-06-15 00:38:51,291 : INFO : EventManager : Event: ======'player_add_request'====== Args={}
2026-06-15 00:38:51,291 : INFO : EventManager : Event: ======'player_will_add'====== Args={'number': 1}
2026-06-15 00:38:51,291 : INFO : EventManager : Event: ======'player_adding'====== Args={'player': <Player 1>, 'number': 1}
2026-06-15 00:38:51,291 : INFO : EventManager : Event: ======'player_added'====== Args={'player': <Player 1>, 'num': 1}
2026-06-15 00:38:51,291 : INFO : Mode.game : Player added successfully. Total players: 1
2026-06-15 00:38:51,291 : INFO : EventManager : Event: ======'player_index'====== Args={'value': 0, 'prev_value': 0, 'change': 0, 'player_num': 1}
2026-06-15 00:38:51,291 : INFO : EventManager : Event: ======'player_number'====== Args={'value': 1, 'prev_value': 1, 'change': 0, 'player_num': 1}
2026-06-15 00:38:51,291 : INFO : EventManager : Event: ======'player_score'====== Args={'value': 0, 'prev_value': 0, 'change': 0, 'player_num': 1}
2026-06-15 00:38:51,291 : INFO : EventManager : Event: ======'game_started'====== Args={}
2026-06-15 00:38:51,291 : INFO : EventManager : Event: ======'player_turn_will_start'====== Args={'player': <Player 1>, 'number': 1}
2026-06-15 00:38:51,292 : INFO : EventManager : Event: ======'player_turn_starting'====== Args={'player': <Player 1>, 'number': 1}
2026-06-15 00:38:51,292 : INFO : EventManager : Event: ======'player_ball'====== Args={'value': 1, 'prev_value': 0, 'change': 1, 'player_num': 1}
2026-06-15 00:38:51,292 : INFO : EventManager : Event: ======'player_turn_started'====== Args={'player': <Player 1>, 'number': 1}
2026-06-15 00:38:51,292 : INFO : EventManager : Event: ======'ball_will_start'====== Args={'player': 1, 'ball': 1, 'balls_remaining': 2, 'is_extra_ball': False}
2026-06-15 00:38:51,292 : INFO : EventManager : Event: ======'ball_starting'====== Args={'player': 1, 'ball': 1, 'balls_remaining': 2, 'is_extra_ball': False}
2026-06-15 00:38:51,293 : INFO : EventManager : Event: ======'balls_in_play'====== Args={'balls': 1}
2026-06-15 00:38:51,293 : INFO : EventManager : Event: ======'ball_started'====== Args={'player': 1, 'ball': 1, 'balls_remaining': 2, 'is_extra_ball': False}
2026-06-15 00:38:51,293 : INFO : EventManager : Event: ======'single_player_ball_started'====== Args={}
2026-06-15 00:38:51,300 : INFO : EventManager : Event: ======'ball_start_target'====== Args={'target': 'playfield'}
2026-06-15 00:38:51,300 : INFO : ball_device.bd_trough : Setting up player-controlled eject. Balls: 1, Target: <playfield.playfield>, player_controlled_eject_event: None
2026-06-15 00:38:51,300 : INFO : ball_device.bd_trough : Adding 1 ball(s) to the eject_queue with target <playfield.playfield>.
2026-06-15 00:38:51,300 : INFO : EventManager : Event: ======'balldevice_balls_available'====== Args={}
2026-06-15 00:38:51,301 : INFO : ball_device.bd_trough : State: waiting_for_target_ready
2026-06-15 00:38:51,301 : INFO : EventManager : Event: ======'balldevice_bd_trough_ball_eject_attempt'====== Args={'balls': 1, 'target': <ball_device.bd_plunger>, 'source': <ball_device.bd_trough>, 'mechanical_eject': False, 'num_attempts': 0}
2026-06-15 00:38:51,301 : INFO : ball_device.bd_plunger : State: waiting_for_ball
2026-06-15 00:38:51,302 : INFO : ball_device.bd_trough : State: ejecting
2026-06-15 00:38:51,302 : INFO : ball_device.bd_trough : Ejecting ball to <ball_device.bd_plunger>
2026-06-15 00:38:51,302 : INFO : EventManager : Event: ======'balldevice_bd_trough_ejecting_ball'====== Args={'balls': 1, 'target': <ball_device.bd_plunger>, 'source': <ball_device.bd_trough>, 'mechanical_eject': False, 'num_attempts': 0}
2026-06-15 00:38:51,303 : INFO : ball_device.bd_trough : Wait for ball to leave device
2026-06-15 00:38:51,303 : INFO : coil.c_trough_eject_coil : Pulsing Driver for 20ms (1.0 pulse_power)
2026-06-15 00:38:51,336 : INFO : SwitchController : <<<<<<< 's_trough_ball_1' inactive >>>>>>>
2026-06-15 00:38:51,338 : INFO : ball_device.bd_trough : State: ball_left
2026-06-15 00:38:51,338 : INFO : ball_device.bd_trough : Ball left
2026-06-15 00:38:51,339 : INFO : ball_device.bd_trough : Wait for confirm with timeout 2.0
2026-06-15 00:38:53,354 : INFO : ball_device.bd_trough : State: failed_confirm
2026-06-15 00:38:53,354 : INFO : ball_device.bd_trough : Got timeout (2.0s) before confirm from <ball_device.bd_plunger>
2026-06-15 00:38:53,355 : INFO : ball_device.bd_plunger : Expecting incoming ball which may skip the device.
2026-06-15 00:38:53,356 : INFO : EventManager : Event: ======'balldevice_bd_plunger_ejecting_ball'====== Args={'balls': 1, 'target': <playfield.playfield>, 'source': <ball_device.bd_plunger>, 'mechanical_eject': False, 'num_attempts': 1}
2026-06-15 00:38:54,670 : INFO : SwitchController : <<<<<<< 's_plunger' active >>>>>>>
2026-06-15 00:38:54,671 : INFO : EventManager : Event: ======'machine_var_audits_switches_s_plunger'====== Args={'value': 3, 'prev_value': 2, 'change': 1}
2026-06-15 00:38:55,178 : INFO : ball_device.bd_plunger : Received ball from <ball_device.bd_trough>
2026-06-15 00:38:55,178 : INFO : EventManager : Event: ======'balldevice_bd_plunger_ball_enter'====== Args={'new_balls': 1, 'unclaimed_balls': 0, 'new_available_balls': 0, 'device': <ball_device.bd_plunger>}
2026-06-15 00:38:55,180 : INFO : EventManager : Event: ======'balldevice_bd_plunger_ball_entered'====== Args={'new_balls': 0, 'device': <ball_device.bd_plunger>}
2026-06-15 00:38:55,180 : INFO : EventManager : Event: ======'balldevice_bd_plunger_ball_count_changed'====== Args={'balls': 1}
2026-06-15 00:38:55,180 : INFO : ball_device.bd_trough : Eject successful
2026-06-15 00:38:55,180 : INFO : EventManager : Event: ======'balldevice_bd_trough_ball_eject_success'====== Args={'balls': 1, 'target': <ball_device.bd_plunger>}
2026-06-15 00:38:55,180 : INFO : EventManager : Event: ======'balldevice_bd_plunger_ball_eject_failed'====== Args={'target': <playfield.playfield>, 'balls': 1, 'retry': True, 'num_attempts': 1}
2026-06-15 00:38:55,181 : INFO : ball_device.bd_plunger : No longer expecting incoming ball which may skip the device.
2026-06-15 00:38:55,181 : INFO : EventManager : Event: ======'balldevice_bd_trough_ball_count_changed'====== Args={'balls': 0}
2026-06-15 00:38:55,181 : INFO : ball_device.bd_trough : State: idle
2026-06-15 00:38:55,182 : INFO : ball_device.bd_plunger : State: waiting_for_target_ready
2026-06-15 00:38:55,182 : INFO : EventManager : Event: ======'balldevice_bd_plunger_ball_eject_attempt'====== Args={'balls': 1, 'target': <playfield.playfield>, 'source': <ball_device.bd_plunger>, 'mechanical_eject': False, 'num_attempts': 0}
2026-06-15 00:38:55,182 : INFO : ball_device.bd_plunger : State: ejecting
2026-06-15 00:38:55,182 : INFO : ball_device.bd_plunger : Ejecting ball to <playfield.playfield>
2026-06-15 00:38:55,182 : INFO : EventManager : Event: ======'balldevice_bd_plunger_ejecting_ball'====== Args={'balls': 1, 'target': <playfield.playfield>, 'source': <ball_device.bd_plunger>, 'mechanical_eject': False, 'num_attempts': 0}
2026-06-15 00:38:55,183 : INFO : ball_device.bd_plunger : Wait for ball to leave device
2026-06-15 00:39:00,193 : INFO : EventManager : Event: ======'balldevice_bd_plunger_ball_eject_failed'====== Args={'target': <playfield.playfield>, 'balls': 1, 'retry': True, 'num_attempts': 1}
2026-06-15 00:39:00,194 : INFO : ball_device.bd_plunger : State: waiting_for_target_ready
2026-06-15 00:39:00,195 : INFO : EventManager : Event: ======'balldevice_bd_plunger_ball_eject_attempt'====== Args={'balls': 1, 'target': <playfield.playfield>, 'source': <ball_device.bd_plunger>, 'mechanical_eject': False, 'num_attempts': 1}
2026-06-15 00:39:00,195 : INFO : ball_device.bd_plunger : State: ejecting
2026-06-15 00:39:00,195 : INFO : ball_device.bd_plunger : Ejecting ball to <playfield.playfield>
2026-06-15 00:39:00,196 : INFO : EventManager : Event: ======'balldevice_bd_plunger_ejecting_ball'====== Args={'balls': 1, 'target': <playfield.playfield>, 'source': <ball_device.bd_plunger>, 'mechanical_eject': False, 'num_attempts': 1}
2026-06-15 00:39:00,196 : INFO : ball_device.bd_plunger : Wait for ball to leave device
2026-06-15 00:39:01,794 : INFO : SwitchController : <<<<<<< 's_plunger' inactive >>>>>>>
2026-06-15 00:39:01,794 : INFO : ball_device.bd_plunger : State: ball_left
2026-06-15 00:39:01,795 : INFO : ball_device.bd_plunger : Ball left
2026-06-15 00:39:01,795 : INFO : ball_device.bd_plunger : Wait for confirm with timeout 5.0
2026-06-15 00:39:04,204 : INFO : SwitchController : <<<<<<< 's_slingshot_left' active >>>>>>>
2026-06-15 00:39:04,205 : INFO : EventManager : Event: ======'playfield_active'====== Args={'source': 'left_sling'}
2026-06-15 00:39:04,205 : INFO : EventManager : Event: ======'machine_var_audits_switches_s_slingshot_left'====== Args={'value': 10, 'prev_value': 9, 'change': 1}
2026-06-15 00:39:04,205 : INFO : ball_device.bd_plunger : Got eject confirm
2026-06-15 00:39:04,205 : INFO : ball_device.bd_plunger : Eject successful
2026-06-15 00:39:04,205 : INFO : EventManager : Event: ======'balldevice_bd_plunger_ball_eject_success'====== Args={'balls': 1, 'target': <playfield.playfield>}
2026-06-15 00:39:04,205 : INFO : EventManager : Event: ======'balldevice_playfield_ball_enter'====== Args={'new_balls': 1, 'unclaimed_balls': 1, 'device': <playfield.playfield>}
2026-06-15 00:39:04,206 : INFO : EventManager : Event: ======'playfield_ball_count_change'====== Args={'balls': 1, 'change': 1}
2026-06-15 00:39:04,211 : INFO : EventManager : Event: ======'balldevice_bd_plunger_ball_count_changed'====== Args={'balls': 0}
2026-06-15 00:39:04,211 : INFO : ball_device.bd_plunger : State: idle
2026-06-15 00:39:04,212 : INFO : SwitchController : <<<<<<< 's_slingshot_left' inactive >>>>>>>
2026-06-15 00:39:06,041 : INFO : SwitchController : <<<<<<< 's_slingshot_left' active >>>>>>>
2026-06-15 00:39:06,041 : INFO : EventManager : Event: ======'machine_var_audits_switches_s_slingshot_left'====== Args={'value': 11, 'prev_value': 10, 'change': 1}
2026-06-15 00:39:06,057 : INFO : SwitchController : <<<<<<< 's_slingshot_left' inactive >>>>>>>
2026-06-15 00:39:07,423 : INFO : SwitchController : <<<<<<< 's_slingshot_left' active >>>>>>>
2026-06-15 00:39:07,423 : INFO : EventManager : Event: ======'machine_var_audits_switches_s_slingshot_left'====== Args={'value': 12, 'prev_value': 11, 'change': 1}
2026-06-15 00:39:07,439 : INFO : SwitchController : <<<<<<< 's_slingshot_left' inactive >>>>>>>
2026-06-15 00:39:07,677 : INFO : SwitchController : <<<<<<< 's_slingshot_right' active >>>>>>>
2026-06-15 00:39:07,677 : INFO : EventManager : Event: ======'machine_var_audits_switches_s_slingshot_right'====== Args={'value': 10, 'prev_value': 9, 'change': 1}
2026-06-15 00:39:07,693 : INFO : SwitchController : <<<<<<< 's_slingshot_right' inactive >>>>>>>
2026-06-15 00:39:37,404 : INFO : SwitchController : <<<<<<< 's_trough_ball_6' active >>>>>>>
2026-06-15 00:39:37,404 : INFO : EventManager : Event: ======'machine_var_audits_switches_s_trough_ball_6'====== Args={'value': 1, 'prev_value': 0, 'change': 1}
2026-06-15 00:39:37,516 : INFO : SwitchController : <<<<<<< 's_trough_ball_6' inactive >>>>>>>
2026-06-15 00:39:37,516 : INFO : SwitchController : <<<<<<< 's_trough_ball_5' active >>>>>>>
2026-06-15 00:39:37,516 : INFO : EventManager : Event: ======'machine_var_audits_switches_s_trough_ball_5'====== Args={'value': 1, 'prev_value': 0, 'change': 1}
2026-06-15 00:39:37,595 : INFO : SwitchController : <<<<<<< 's_trough_ball_5' inactive >>>>>>>
2026-06-15 00:39:37,611 : INFO : SwitchController : <<<<<<< 's_trough_ball_4' active >>>>>>>
2026-06-15 00:39:37,612 : INFO : EventManager : Event: ======'machine_var_audits_switches_s_trough_ball_4'====== Args={'value': 1, 'prev_value': 0, 'change': 1}
2026-06-15 00:39:37,675 : INFO : SwitchController : <<<<<<< 's_trough_ball_4' inactive >>>>>>>
2026-06-15 00:39:37,676 : INFO : SwitchController : <<<<<<< 's_trough_ball_3' active >>>>>>>
2026-06-15 00:39:37,676 : INFO : EventManager : Event: ======'machine_var_audits_switches_s_trough_ball_3'====== Args={'value': 1, 'prev_value': 0, 'change': 1}
2026-06-15 00:39:37,739 : INFO : SwitchController : <<<<<<< 's_trough_ball_3' inactive >>>>>>>
2026-06-15 00:39:37,739 : INFO : SwitchController : <<<<<<< 's_trough_ball_2' active >>>>>>>
2026-06-15 00:39:37,739 : INFO : EventManager : Event: ======'machine_var_audits_switches_s_trough_ball_2'====== Args={'value': 13, 'prev_value': 12, 'change': 1}
2026-06-15 00:39:37,787 : INFO : SwitchController : <<<<<<< 's_trough_ball_2' inactive >>>>>>>
2026-06-15 00:39:37,804 : INFO : SwitchController : <<<<<<< 's_trough_ball_1' active >>>>>>>
2026-06-15 00:39:37,805 : INFO : EventManager : Event: ======'machine_var_audits_switches_s_trough_ball_1'====== Args={'value': 84, 'prev_value': 83, 'change': 1}
2026-06-15 00:39:38,314 : INFO : EventManager : Event: ======'balldevice_bd_trough_ball_count_changed'====== Args={'balls': 1}
2026-06-15 00:39:38,314 : INFO : ball_device.bd_trough : Received unexpected ball
2026-06-15 00:39:38,314 : INFO : EventManager : Event: ======'balldevice_captured_from_playfield'====== Args={'balls': 1}
2026-06-15 00:39:38,315 : INFO : EventManager : Event: ======'sw_playfield_active'====== Args={'balls': 1}
2026-06-15 00:39:38,315 : INFO : EventManager : Event: ======'playfield_ball_count_change'====== Args={'balls': 0, 'change': -1}
2026-06-15 00:39:38,315 : INFO : EventManager : Event: ======'balldevice_bd_trough_ball_enter'====== Args={'new_balls': 1, 'unclaimed_balls': 1, 'new_available_balls': 1, 'device': <ball_device.bd_trough>}
2026-06-15 00:39:38,315 : INFO : EventManager : Event: ======'ball_drain'====== Args={'device': <ball_device.bd_trough>, 'balls': 1}
2026-06-15 00:39:38,315 : INFO : EventManager : Event: ======'ball_will_end'====== Args={}
2026-06-15 00:39:38,315 : INFO : EventManager : Event: ======'balldevice_balls_available'====== Args={}
2026-06-15 00:39:38,316 : INFO : EventManager : Event: ======'balldevice_bd_trough_ball_entered'====== Args={'new_balls': 1, 'device': <ball_device.bd_trough>}
2026-06-15 00:39:38,316 : INFO : EventManager : Event: ======'ball_ending'====== Args={}
2026-06-15 00:39:38,319 : INFO : EventManager : Event: ======'ball_ended'====== Args={}
2026-06-15 00:39:38,319 : INFO : EventManager : Event: ======'player_turn_will_end'====== Args={'player': <Player 1>, 'number': 1}
2026-06-15 00:39:38,319 : INFO : EventManager : Event: ======'player_turn_ending'====== Args={'player': <Player 1>, 'number': 1}
2026-06-15 00:39:38,320 : INFO : EventManager : Event: ======'player_turn_ended'====== Args={'player': <Player 1>, 'number': 1}
2026-06-15 00:39:38,321 : INFO : EventManager : Event: ======'player_turn_will_start'====== Args={'player': <Player 1>, 'number': 1}
2026-06-15 00:39:38,322 : INFO : EventManager : Event: ======'player_turn_starting'====== Args={'player': <Player 1>, 'number': 1}
2026-06-15 00:39:38,322 : INFO : EventManager : Event: ======'player_ball'====== Args={'value': 2, 'prev_value': 1, 'change': 1, 'player_num': 1}
2026-06-15 00:39:38,322 : INFO : EventManager : Event: ======'player_turn_started'====== Args={'player': <Player 1>, 'number': 1}
2026-06-15 00:39:38,323 : INFO : EventManager : Event: ======'ball_will_start'====== Args={'player': 1, 'ball': 2, 'balls_remaining': 1, 'is_extra_ball': False}
2026-06-15 00:39:38,323 : INFO : EventManager : Event: ======'ball_starting'====== Args={'player': 1, 'ball': 2, 'balls_remaining': 1, 'is_extra_ball': False}
2026-06-15 00:39:38,324 : INFO : EventManager : Event: ======'balls_in_play'====== Args={'balls': 1}
2026-06-15 00:39:38,324 : INFO : EventManager : Event: ======'ball_started'====== Args={'player': 1, 'ball': 2, 'balls_remaining': 1, 'is_extra_ball': False}
2026-06-15 00:39:38,324 : INFO : EventManager : Event: ======'single_player_ball_started'====== Args={}
2026-06-15 00:39:38,326 : INFO : EventManager : Event: ======'ball_start_target'====== Args={'target': 'playfield'}
2026-06-15 00:39:38,327 : INFO : ball_device.bd_trough : Setting up player-controlled eject. Balls: 1, Target: <playfield.playfield>, player_controlled_eject_event: None
2026-06-15 00:39:38,327 : INFO : ball_device.bd_trough : Adding 1 ball(s) to the eject_queue with target <playfield.playfield>.
2026-06-15 00:39:38,327 : INFO : EventManager : Event: ======'balldevice_balls_available'====== Args={}
2026-06-15 00:39:38,328 : INFO : ball_device.bd_trough : State: waiting_for_target_ready
2026-06-15 00:39:38,328 : INFO : EventManager : Event: ======'balldevice_bd_trough_ball_eject_attempt'====== Args={'balls': 1, 'target': <ball_device.bd_plunger>, 'source': <ball_device.bd_trough>, 'mechanical_eject': False, 'num_attempts': 0}
2026-06-15 00:39:38,328 : INFO : ball_device.bd_plunger : State: waiting_for_ball
2026-06-15 00:39:38,329 : INFO : ball_device.bd_trough : State: ejecting
2026-06-15 00:39:38,329 : INFO : ball_device.bd_trough : Ejecting ball to <ball_device.bd_plunger>
2026-06-15 00:39:38,329 : INFO : EventManager : Event: ======'balldevice_bd_trough_ejecting_ball'====== Args={'balls': 1, 'target': <ball_device.bd_plunger>, 'source': <ball_device.bd_trough>, 'mechanical_eject': False, 'num_attempts': 0}
2026-06-15 00:39:38,330 : INFO : ball_device.bd_trough : Wait for ball to leave device
2026-06-15 00:39:38,330 : INFO : coil.c_trough_eject_coil : Pulsing Driver for 20ms (1.0 pulse_power)
2026-06-15 00:39:38,361 : INFO : SwitchController : <<<<<<< 's_trough_ball_1' inactive >>>>>>>
2026-06-15 00:39:38,363 : INFO : ball_device.bd_trough : State: ball_left
2026-06-15 00:39:38,364 : INFO : ball_device.bd_trough : Ball left
2026-06-15 00:39:38,364 : INFO : ball_device.bd_trough : Wait for confirm with timeout 2.0
2026-06-15 00:39:40,374 : INFO : ball_device.bd_trough : State: failed_confirm
2026-06-15 00:39:40,375 : INFO : ball_device.bd_trough : Got timeout (2.0s) before confirm from <ball_device.bd_plunger>
2026-06-15 00:39:40,375 : INFO : ball_device.bd_plunger : Expecting incoming ball which may skip the device.
2026-06-15 00:39:40,376 : INFO : EventManager : Event: ======'balldevice_bd_plunger_ejecting_ball'====== Args={'balls': 1, 'target': <playfield.playfield>, 'source': <ball_device.bd_plunger>, 'mechanical_eject': False, 'num_attempts': 1}
2026-06-15 00:39:40,614 : INFO : SwitchController : <<<<<<< 's_plunger' active >>>>>>>
2026-06-15 00:39:40,614 : INFO : EventManager : Event: ======'machine_var_audits_switches_s_plunger'====== Args={'value': 4, 'prev_value': 3, 'change': 1}
2026-06-15 00:39:41,121 : INFO : ball_device.bd_plunger : Received ball from <ball_device.bd_trough>
2026-06-15 00:39:41,121 : INFO : EventManager : Event: ======'balldevice_bd_plunger_ball_enter'====== Args={'new_balls': 1, 'unclaimed_balls': 0, 'new_available_balls': 0, 'device': <ball_device.bd_plunger>}
2026-06-15 00:39:41,122 : INFO : EventManager : Event: ======'balldevice_bd_plunger_ball_entered'====== Args={'new_balls': 0, 'device': <ball_device.bd_plunger>}
2026-06-15 00:39:41,122 : INFO : EventManager : Event: ======'balldevice_bd_plunger_ball_count_changed'====== Args={'balls': 1}
2026-06-15 00:39:41,122 : INFO : ball_device.bd_trough : Eject successful
2026-06-15 00:39:41,122 : INFO : EventManager : Event: ======'balldevice_bd_trough_ball_eject_success'====== Args={'balls': 1, 'target': <ball_device.bd_plunger>}
2026-06-15 00:39:41,122 : INFO : EventManager : Event: ======'balldevice_bd_plunger_ball_eject_failed'====== Args={'target': <playfield.playfield>, 'balls': 1, 'retry': True, 'num_attempts': 1}
2026-06-15 00:39:41,123 : INFO : ball_device.bd_plunger : No longer expecting incoming ball which may skip the device.
2026-06-15 00:39:41,123 : INFO : EventManager : Event: ======'balldevice_bd_trough_ball_count_changed'====== Args={'balls': 0}
2026-06-15 00:39:41,123 : INFO : ball_device.bd_trough : State: idle
2026-06-15 00:39:41,123 : INFO : ball_device.bd_plunger : State: waiting_for_target_ready
2026-06-15 00:39:41,123 : INFO : EventManager : Event: ======'balldevice_bd_plunger_ball_eject_attempt'====== Args={'balls': 1, 'target': <playfield.playfield>, 'source': <ball_device.bd_plunger>, 'mechanical_eject': False, 'num_attempts': 0}
2026-06-15 00:39:41,124 : INFO : ball_device.bd_plunger : State: ejecting
2026-06-15 00:39:41,124 : INFO : ball_device.bd_plunger : Ejecting ball to <playfield.playfield>
2026-06-15 00:39:41,124 : INFO : EventManager : Event: ======'balldevice_bd_plunger_ejecting_ball'====== Args={'balls': 1, 'target': <playfield.playfield>, 'source': <ball_device.bd_plunger>, 'mechanical_eject': False, 'num_attempts': 0}
2026-06-15 00:39:41,124 : INFO : ball_device.bd_plunger : Wait for ball to leave device
2026-06-15 00:39:42,154 : INFO : SwitchController : <<<<<<< 's_plunger' inactive >>>>>>>
2026-06-15 00:39:42,156 : INFO : ball_device.bd_plunger : State: ball_left
2026-06-15 00:39:42,157 : INFO : ball_device.bd_plunger : Ball left
2026-06-15 00:39:42,157 : INFO : ball_device.bd_plunger : Wait for confirm with timeout 5.0
2026-06-15 00:39:43,153 : INFO : SwitchController : <<<<<<< 's_right_outlane' active >>>>>>>
2026-06-15 00:39:43,154 : INFO : EventManager : Event: ======'machine_var_audits_switches_s_right_outlane'====== Args={'value': 4, 'prev_value': 3, 'change': 1}
2026-06-15 00:39:43,312 : INFO : SwitchController : <<<<<<< 's_right_outlane' inactive >>>>>>>
2026-06-15 00:39:43,645 : INFO : SwitchController : <<<<<<< 's_right_outlane' active >>>>>>>
2026-06-15 00:39:43,645 : INFO : EventManager : Event: ======'machine_var_audits_switches_s_right_outlane'====== Args={'value': 5, 'prev_value': 4, 'change': 1}
2026-06-15 00:39:43,819 : INFO : SwitchController : <<<<<<< 's_right_outlane' inactive >>>>>>>
2026-06-15 00:39:44,168 : INFO : SwitchController : <<<<<<< 's_right_outlane' active >>>>>>>
2026-06-15 00:39:44,169 : INFO : EventManager : Event: ======'machine_var_audits_switches_s_right_outlane'====== Args={'value': 6, 'prev_value': 5, 'change': 1}
2026-06-15 00:39:44,359 : INFO : SwitchController : <<<<<<< 's_right_outlane' inactive >>>>>>>
2026-06-15 00:39:44,708 : INFO : SwitchController : <<<<<<< 's_right_outlane' active >>>>>>>
2026-06-15 00:39:44,708 : INFO : EventManager : Event: ======'machine_var_audits_switches_s_right_outlane'====== Args={'value': 7, 'prev_value': 6, 'change': 1}
2026-06-15 00:39:44,867 : INFO : SwitchController : <<<<<<< 's_right_outlane' inactive >>>>>>>
2026-06-15 00:39:46,915 : INFO : SwitchController : <<<<<<< 's_trough_ball_6' active >>>>>>>
2026-06-15 00:39:46,915 : INFO : EventManager : Event: ======'machine_var_audits_switches_s_trough_ball_6'====== Args={'value': 2, 'prev_value': 1, 'change': 1}
2026-06-15 00:39:47,026 : INFO : SwitchController : <<<<<<< 's_trough_ball_6' inactive >>>>>>>
2026-06-15 00:39:47,042 : INFO : SwitchController : <<<<<<< 's_trough_ball_5' active >>>>>>>
2026-06-15 00:39:47,042 : INFO : EventManager : Event: ======'machine_var_audits_switches_s_trough_ball_5'====== Args={'value': 2, 'prev_value': 1, 'change': 1}
2026-06-15 00:39:47,121 : INFO : SwitchController : <<<<<<< 's_trough_ball_5' inactive >>>>>>>
2026-06-15 00:39:47,122 : INFO : SwitchController : <<<<<<< 's_trough_ball_4' active >>>>>>>
2026-06-15 00:39:47,123 : INFO : EventManager : Event: ======'machine_var_audits_switches_s_trough_ball_4'====== Args={'value': 2, 'prev_value': 1, 'change': 1}
2026-06-15 00:39:47,168 : INFO : ball_device.bd_plunger : State: failed_confirm
2026-06-15 00:39:47,168 : INFO : ball_device.bd_plunger : Got timeout (5.0s) before confirm from <playfield.playfield>
2026-06-15 00:39:47,200 : INFO : SwitchController : <<<<<<< 's_trough_ball_4' inactive >>>>>>>
2026-06-15 00:39:47,201 : INFO : SwitchController : <<<<<<< 's_trough_ball_3' active >>>>>>>
2026-06-15 00:39:47,201 : INFO : EventManager : Event: ======'machine_var_audits_switches_s_trough_ball_3'====== Args={'value': 2, 'prev_value': 1, 'change': 1}
2026-06-15 00:39:47,248 : INFO : SwitchController : <<<<<<< 's_trough_ball_3' inactive >>>>>>>
2026-06-15 00:39:47,264 : INFO : SwitchController : <<<<<<< 's_trough_ball_2' active >>>>>>>
2026-06-15 00:39:47,264 : INFO : EventManager : Event: ======'machine_var_audits_switches_s_trough_ball_2'====== Args={'value': 14, 'prev_value': 13, 'change': 1}
2026-06-15 00:39:47,279 : INFO : ball_device.bd_plunger : Confirming eject because target is playfield and ball did not return.
2026-06-15 00:39:47,279 : INFO : ball_device.bd_plunger : Eject successful
2026-06-15 00:39:47,280 : INFO : EventManager : Event: ======'balldevice_bd_plunger_ball_eject_success'====== Args={'balls': 1, 'target': <playfield.playfield>}
2026-06-15 00:39:47,280 : INFO : EventManager : Event: ======'balldevice_playfield_ball_enter'====== Args={'new_balls': 1, 'unclaimed_balls': 1, 'device': <playfield.playfield>}
2026-06-15 00:39:47,280 : INFO : EventManager : Event: ======'playfield_ball_count_change'====== Args={'balls': 1, 'change': 1}
2026-06-15 00:39:47,282 : INFO : EventManager : Event: ======'balldevice_bd_plunger_ball_count_changed'====== Args={'balls': 0}
2026-06-15 00:39:47,282 : INFO : ball_device.bd_plunger : State: idle
2026-06-15 00:39:47,311 : INFO : SwitchController : <<<<<<< 's_trough_ball_2' inactive >>>>>>>
2026-06-15 00:39:47,312 : INFO : SwitchController : <<<<<<< 's_trough_ball_1' active >>>>>>>
2026-06-15 00:39:47,312 : INFO : EventManager : Event: ======'machine_var_audits_switches_s_trough_ball_1'====== Args={'value': 85, 'prev_value': 84, 'change': 1}
2026-06-15 00:39:47,816 : INFO : EventManager : Event: ======'balldevice_bd_trough_ball_count_changed'====== Args={'balls': 1}
2026-06-15 00:39:47,817 : INFO : ball_device.bd_trough : Received unexpected ball
2026-06-15 00:39:47,817 : INFO : EventManager : Event: ======'balldevice_captured_from_playfield'====== Args={'balls': 1}
2026-06-15 00:39:47,817 : INFO : EventManager : Event: ======'sw_playfield_active'====== Args={'balls': 1}
2026-06-15 00:39:47,817 : INFO : EventManager : Event: ======'playfield_ball_count_change'====== Args={'balls': 0, 'change': -1}
2026-06-15 00:39:47,817 : INFO : EventManager : Event: ======'balldevice_bd_trough_ball_enter'====== Args={'new_balls': 1, 'unclaimed_balls': 1, 'new_available_balls': 1, 'device': <ball_device.bd_trough>}
2026-06-15 00:39:47,817 : INFO : EventManager : Event: ======'ball_drain'====== Args={'device': <ball_device.bd_trough>, 'balls': 1}
2026-06-15 00:39:47,818 : INFO : EventManager : Event: ======'ball_will_end'====== Args={}
2026-06-15 00:39:47,818 : INFO : EventManager : Event: ======'balldevice_balls_available'====== Args={}
2026-06-15 00:39:47,818 : INFO : EventManager : Event: ======'balldevice_bd_trough_ball_entered'====== Args={'new_balls': 1, 'device': <ball_device.bd_trough>}
2026-06-15 00:39:47,818 : INFO : EventManager : Event: ======'ball_ending'====== Args={}
2026-06-15 00:39:47,819 : INFO : EventManager : Event: ======'ball_ended'====== Args={}
2026-06-15 00:39:47,822 : INFO : EventManager : Event: ======'player_turn_will_end'====== Args={'player': <Player 1>, 'number': 1}
2026-06-15 00:39:47,823 : INFO : EventManager : Event: ======'player_turn_ending'====== Args={'player': <Player 1>, 'number': 1}
2026-06-15 00:39:47,824 : INFO : EventManager : Event: ======'player_turn_ended'====== Args={'player': <Player 1>, 'number': 1}
2026-06-15 00:39:47,824 : INFO : EventManager : Event: ======'player_turn_will_start'====== Args={'player': <Player 1>, 'number': 1}
2026-06-15 00:39:47,825 : INFO : EventManager : Event: ======'player_turn_starting'====== Args={'player': <Player 1>, 'number': 1}
2026-06-15 00:39:47,825 : INFO : EventManager : Event: ======'player_ball'====== Args={'value': 3, 'prev_value': 2, 'change': 1, 'player_num': 1}
2026-06-15 00:39:47,825 : INFO : EventManager : Event: ======'player_turn_started'====== Args={'player': <Player 1>, 'number': 1}
2026-06-15 00:39:47,825 : INFO : EventManager : Event: ======'ball_will_start'====== Args={'player': 1, 'ball': 3, 'balls_remaining': 0, 'is_extra_ball': False}
2026-06-15 00:39:47,825 : INFO : EventManager : Event: ======'ball_starting'====== Args={'player': 1, 'ball': 3, 'balls_remaining': 0, 'is_extra_ball': False}
2026-06-15 00:39:47,825 : INFO : EventManager : Event: ======'balls_in_play'====== Args={'balls': 1}
2026-06-15 00:39:47,826 : INFO : EventManager : Event: ======'ball_started'====== Args={'player': 1, 'ball': 3, 'balls_remaining': 0, 'is_extra_ball': False}
2026-06-15 00:39:47,826 : INFO : EventManager : Event: ======'single_player_ball_started'====== Args={}
2026-06-15 00:39:47,826 : INFO : EventManager : Event: ======'ball_start_target'====== Args={'target': 'playfield'}
2026-06-15 00:39:47,826 : INFO : ball_device.bd_trough : Setting up player-controlled eject. Balls: 1, Target: <playfield.playfield>, player_controlled_eject_event: None
2026-06-15 00:39:47,826 : INFO : ball_device.bd_trough : Adding 1 ball(s) to the eject_queue with target <playfield.playfield>.
2026-06-15 00:39:47,827 : INFO : EventManager : Event: ======'balldevice_balls_available'====== Args={}
2026-06-15 00:39:47,827 : INFO : ball_device.bd_trough : State: waiting_for_target_ready
2026-06-15 00:39:47,827 : INFO : EventManager : Event: ======'balldevice_bd_trough_ball_eject_attempt'====== Args={'balls': 1, 'target': <ball_device.bd_plunger>, 'source': <ball_device.bd_trough>, 'mechanical_eject': False, 'num_attempts': 0}
2026-06-15 00:39:47,827 : INFO : ball_device.bd_plunger : State: waiting_for_ball
2026-06-15 00:39:47,828 : INFO : ball_device.bd_trough : State: ejecting
2026-06-15 00:39:47,828 : INFO : ball_device.bd_trough : Ejecting ball to <ball_device.bd_plunger>
2026-06-15 00:39:47,828 : INFO : EventManager : Event: ======'balldevice_bd_trough_ejecting_ball'====== Args={'balls': 1, 'target': <ball_device.bd_plunger>, 'source': <ball_device.bd_trough>, 'mechanical_eject': False, 'num_attempts': 0}
2026-06-15 00:39:47,828 : INFO : ball_device.bd_trough : Wait for ball to leave device
2026-06-15 00:39:47,828 : INFO : coil.c_trough_eject_coil : Pulsing Driver for 20ms (1.0 pulse_power)
2026-06-15 00:39:47,864 : INFO : SwitchController : <<<<<<< 's_trough_ball_1' inactive >>>>>>>
2026-06-15 00:39:47,865 : INFO : ball_device.bd_trough : State: ball_left
2026-06-15 00:39:47,866 : INFO : ball_device.bd_trough : Ball left
2026-06-15 00:39:47,866 : INFO : ball_device.bd_trough : Wait for confirm with timeout 2.0
2026-06-15 00:39:49,876 : INFO : ball_device.bd_trough : State: failed_confirm
2026-06-15 00:39:49,876 : INFO : ball_device.bd_trough : Got timeout (2.0s) before confirm from <ball_device.bd_plunger>
2026-06-15 00:39:49,876 : INFO : ball_device.bd_plunger : Expecting incoming ball which may skip the device.
2026-06-15 00:39:49,876 : INFO : EventManager : Event: ======'balldevice_bd_plunger_ejecting_ball'====== Args={'balls': 1, 'target': <playfield.playfield>, 'source': <ball_device.bd_plunger>, 'mechanical_eject': False, 'num_attempts': 1}
2026-06-15 00:39:51,984 : INFO : SwitchController : <<<<<<< 's_plunger' active >>>>>>>
2026-06-15 00:39:51,984 : INFO : EventManager : Event: ======'machine_var_audits_switches_s_plunger'====== Args={'value': 5, 'prev_value': 4, 'change': 1}
2026-06-15 00:39:52,493 : INFO : ball_device.bd_plunger : Received ball from <ball_device.bd_trough>
2026-06-15 00:39:52,493 : INFO : EventManager : Event: ======'balldevice_bd_plunger_ball_enter'====== Args={'new_balls': 1, 'unclaimed_balls': 0, 'new_available_balls': 0, 'device': <ball_device.bd_plunger>}
2026-06-15 00:39:52,493 : INFO : EventManager : Event: ======'balldevice_bd_plunger_ball_entered'====== Args={'new_balls': 0, 'device': <ball_device.bd_plunger>}
2026-06-15 00:39:52,493 : INFO : EventManager : Event: ======'balldevice_bd_plunger_ball_count_changed'====== Args={'balls': 1}
2026-06-15 00:39:52,493 : INFO : ball_device.bd_trough : Eject successful
2026-06-15 00:39:52,493 : INFO : EventManager : Event: ======'balldevice_bd_trough_ball_eject_success'====== Args={'balls': 1, 'target': <ball_device.bd_plunger>}
2026-06-15 00:39:52,493 : INFO : EventManager : Event: ======'balldevice_bd_plunger_ball_eject_failed'====== Args={'target': <playfield.playfield>, 'balls': 1, 'retry': True, 'num_attempts': 1}
2026-06-15 00:39:52,494 : INFO : ball_device.bd_plunger : No longer expecting incoming ball which may skip the device.
2026-06-15 00:39:52,494 : INFO : EventManager : Event: ======'balldevice_bd_trough_ball_count_changed'====== Args={'balls': 0}
2026-06-15 00:39:52,494 : INFO : ball_device.bd_trough : State: idle
2026-06-15 00:39:52,494 : INFO : ball_device.bd_plunger : State: waiting_for_target_ready
2026-06-15 00:39:52,494 : INFO : EventManager : Event: ======'balldevice_bd_plunger_ball_eject_attempt'====== Args={'balls': 1, 'target': <playfield.playfield>, 'source': <ball_device.bd_plunger>, 'mechanical_eject': False, 'num_attempts': 0}
2026-06-15 00:39:52,495 : INFO : ball_device.bd_plunger : State: ejecting
2026-06-15 00:39:52,495 : INFO : ball_device.bd_plunger : Ejecting ball to <playfield.playfield>
2026-06-15 00:39:52,495 : INFO : EventManager : Event: ======'balldevice_bd_plunger_ejecting_ball'====== Args={'balls': 1, 'target': <playfield.playfield>, 'source': <ball_device.bd_plunger>, 'mechanical_eject': False, 'num_attempts': 0}
2026-06-15 00:39:52,495 : INFO : ball_device.bd_plunger : Wait for ball to leave device
2026-06-15 00:39:53,540 : INFO : SwitchController : <<<<<<< 's_plunger' inactive >>>>>>>
2026-06-15 00:39:53,541 : INFO : ball_device.bd_plunger : State: ball_left
2026-06-15 00:39:53,541 : INFO : ball_device.bd_plunger : Ball left
2026-06-15 00:39:53,541 : INFO : ball_device.bd_plunger : Wait for confirm with timeout 5.0
2026-06-15 00:39:54,634 : INFO : SwitchController : <<<<<<< 's_right_outlane' active >>>>>>>
2026-06-15 00:39:54,634 : INFO : EventManager : Event: ======'machine_var_audits_switches_s_right_outlane'====== Args={'value': 8, 'prev_value': 7, 'change': 1}
2026-06-15 00:39:54,793 : INFO : SwitchController : <<<<<<< 's_right_outlane' inactive >>>>>>>
2026-06-15 00:39:56,952 : INFO : SwitchController : <<<<<<< 's_trough_ball_6' active >>>>>>>
2026-06-15 00:39:56,953 : INFO : EventManager : Event: ======'machine_var_audits_switches_s_trough_ball_6'====== Args={'value': 3, 'prev_value': 2, 'change': 1}
2026-06-15 00:39:57,095 : INFO : SwitchController : <<<<<<< 's_trough_ball_6' inactive >>>>>>>
2026-06-15 00:39:57,111 : INFO : SwitchController : <<<<<<< 's_trough_ball_5' active >>>>>>>
2026-06-15 00:39:57,111 : INFO : EventManager : Event: ======'machine_var_audits_switches_s_trough_ball_5'====== Args={'value': 3, 'prev_value': 2, 'change': 1}
2026-06-15 00:39:57,207 : INFO : SwitchController : <<<<<<< 's_trough_ball_5' inactive >>>>>>>
2026-06-15 00:39:57,222 : INFO : SwitchController : <<<<<<< 's_trough_ball_4' active >>>>>>>
2026-06-15 00:39:57,223 : INFO : EventManager : Event: ======'machine_var_audits_switches_s_trough_ball_4'====== Args={'value': 3, 'prev_value': 2, 'change': 1}
2026-06-15 00:39:57,302 : INFO : SwitchController : <<<<<<< 's_trough_ball_4' inactive >>>>>>>
2026-06-15 00:39:57,302 : INFO : SwitchController : <<<<<<< 's_trough_ball_3' active >>>>>>>
2026-06-15 00:39:57,302 : INFO : EventManager : Event: ======'machine_var_audits_switches_s_trough_ball_3'====== Args={'value': 3, 'prev_value': 2, 'change': 1}
2026-06-15 00:39:57,365 : INFO : SwitchController : <<<<<<< 's_trough_ball_3' inactive >>>>>>>
2026-06-15 00:39:57,365 : INFO : SwitchController : <<<<<<< 's_trough_ball_2' active >>>>>>>
2026-06-15 00:39:57,365 : INFO : EventManager : Event: ======'machine_var_audits_switches_s_trough_ball_2'====== Args={'value': 15, 'prev_value': 14, 'change': 1}
2026-06-15 00:39:57,428 : INFO : SwitchController : <<<<<<< 's_trough_ball_2' inactive >>>>>>>
2026-06-15 00:39:57,429 : INFO : SwitchController : <<<<<<< 's_trough_ball_1' active >>>>>>>
2026-06-15 00:39:57,429 : INFO : EventManager : Event: ======'machine_var_audits_switches_s_trough_ball_1'====== Args={'value': 86, 'prev_value': 85, 'change': 1}
2026-06-15 00:39:57,934 : INFO : EventManager : Event: ======'balldevice_bd_trough_ball_count_changed'====== Args={'balls': 1}
2026-06-15 00:39:57,935 : INFO : ball_device.bd_trough : Received unexpected ball
2026-06-15 00:39:57,935 : INFO : EventManager : Event: ======'balldevice_captured_from_playfield'====== Args={'balls': 1}
2026-06-15 00:39:57,935 : INFO : EventManager : Event: ======'sw_playfield_active'====== Args={'balls': 1}
2026-06-15 00:39:57,935 : INFO : EventManager : Event: ======'playfield_active'====== Args={'source': None}
2026-06-15 00:39:57,935 : INFO : EventManager : Event: ======'playfield_ball_count_change'====== Args={'balls': -1, 'change': -1}
2026-06-15 00:39:57,935 : INFO : EventManager : Event: ======'balldevice_bd_trough_ball_enter'====== Args={'new_balls': 1, 'unclaimed_balls': 1, 'new_available_balls': 1, 'device': <ball_device.bd_trough>}
2026-06-15 00:39:57,935 : INFO : EventManager : Event: ======'ball_drain'====== Args={'device': <ball_device.bd_trough>, 'balls': 1}
2026-06-15 00:39:57,935 : INFO : ball_device.bd_plunger : Got eject confirm
2026-06-15 00:39:57,935 : INFO : ball_device.bd_plunger : Eject successful
2026-06-15 00:39:57,935 : INFO : EventManager : Event: ======'balldevice_bd_plunger_ball_eject_success'====== Args={'balls': 1, 'target': <playfield.playfield>}
2026-06-15 00:39:57,936 : INFO : EventManager : Event: ======'balldevice_playfield_ball_enter'====== Args={'new_balls': 1, 'unclaimed_balls': 1, 'device': <playfield.playfield>}
2026-06-15 00:39:57,936 : INFO : EventManager : Event: ======'playfield_ball_count_change'====== Args={'balls': 0, 'change': 1}
2026-06-15 00:39:57,936 : INFO : EventManager : Event: ======'ball_will_end'====== Args={}
2026-06-15 00:39:57,936 : INFO : EventManager : Event: ======'balldevice_balls_available'====== Args={}
2026-06-15 00:39:57,936 : INFO : EventManager : Event: ======'balldevice_bd_trough_ball_entered'====== Args={'new_balls': 1, 'device': <ball_device.bd_trough>}
2026-06-15 00:39:57,936 : INFO : EventManager : Event: ======'balldevice_bd_plunger_ball_count_changed'====== Args={'balls': 0}
2026-06-15 00:39:57,936 : INFO : ball_device.bd_plunger : State: idle
2026-06-15 00:39:57,937 : INFO : EventManager : Event: ======'ball_ending'====== Args={}
2026-06-15 00:39:57,941 : INFO : EventManager : Event: ======'ball_ended'====== Args={}
2026-06-15 00:39:57,942 : INFO : EventManager : Event: ======'player_turn_will_end'====== Args={'player': <Player 1>, 'number': 1}
2026-06-15 00:39:57,943 : INFO : EventManager : Event: ======'player_turn_ending'====== Args={'player': <Player 1>, 'number': 1}
2026-06-15 00:39:57,943 : INFO : EventManager : Event: ======'player_turn_ended'====== Args={'player': <Player 1>, 'number': 1}
2026-06-15 00:39:57,944 : INFO : EventManager : Event: ======'game_will_end'====== Args={}
2026-06-15 00:39:57,945 : INFO : EventManager : Event: ======'game_ending'====== Args={}
2026-06-15 00:39:57,946 : INFO : EventManager : Event: ======'machine_var_player1_score'====== Args={'value': 0, 'prev_value': None, 'change': True}
2026-06-15 00:39:57,946 : INFO : EventManager : Event: ======'game_ended'====== Args={}
2026-06-15 00:39:57,946 : INFO : EventManager : Event: ======'mode_game_will_stop'====== Args={}
2026-06-15 00:39:57,946 : INFO : EventManager : Event: ======'mode_game_stopping'====== Args={}
2026-06-15 00:39:57,946 : INFO : EventManager : Event: ======'mode_attract_will_start'====== Args={}
2026-06-15 00:39:57,947 : INFO : EventManager : Event: ======'mode_attract_starting'====== Args={}
2026-06-15 00:39:57,947 : INFO : Mode.attract : Started. Priority: 10
2026-06-15 00:39:57,947 : INFO : EventManager : Event: ======'modes_active_modes_changed'====== Args={}
2026-06-15 00:39:57,948 : INFO : EventManager : Event: ======'mode_attract_started'====== Args={}
2026-06-15 00:39:57,948 : INFO : EventManager : Event: ======'collecting_balls_complete'====== Args={}
2026-06-15 00:39:57,948 : INFO : Mode.game : Stopped.
2026-06-15 00:39:57,948 : INFO : EventManager : Event: ======'modes_active_modes_changed'====== Args={}
2026-06-15 00:39:57,948 : INFO : EventManager : Event: ======'mode_game_stopped'====== Args={}
2026-06-15 00:39:57,949 : INFO : EventManager : Event: ======'clear'====== Args={'key': 'game'}
2026-06-15 00:40:31,878 : INFO : SwitchController : <<<<<<< 's_start' active >>>>>>>
2026-06-15 00:40:31,989 : INFO : SwitchController : <<<<<<< 's_start' inactive >>>>>>>
2026-06-15 00:40:31,989 : INFO : EventManager : Event: ======'request_to_start_game'====== Args={}
2026-06-15 00:40:31,989 : INFO : EventManager : Event: ======'game_start'====== Args={'buttons': [], 'hold_time': 0.11067500000353903}
2026-06-15 00:40:31,989 : INFO : EventManager : Event: ======'mode_game_will_start'====== Args={'buttons': [], 'hold_time': 0.11067500000353903}
2026-06-15 00:40:31,989 : INFO : EventManager : Event: ======'mode_game_starting'====== Args={'buttons': [], 'hold_time': 0.11067500000353903}
2026-06-15 00:40:31,989 : INFO : EventManager : Event: ======'mode_attract_will_stop'====== Args={}
2026-06-15 00:40:31,990 : INFO : EventManager : Event: ======'mode_attract_stopping'====== Args={}
2026-06-15 00:40:31,990 : INFO : Mode.attract : Stopped.
2026-06-15 00:40:31,990 : INFO : EventManager : Event: ======'modes_active_modes_changed'====== Args={}
2026-06-15 00:40:31,990 : INFO : EventManager : Event: ======'mode_attract_stopped'====== Args={}
2026-06-15 00:40:31,990 : INFO : EventManager : Event: ======'clear'====== Args={'key': 'attract'}
2026-06-15 00:40:31,990 : INFO : Mode.game : Started. Priority: 20
2026-06-15 00:40:31,990 : INFO : EventManager : Event: ======'modes_active_modes_changed'====== Args={}
2026-06-15 00:40:31,990 : INFO : EventManager : Event: ======'mode_game_started'====== Args={'buttons': [], 'hold_time': 0.11067500000353903}
2026-06-15 00:40:31,990 : INFO : EventManager : Event: ======'game_will_start'====== Args={}
2026-06-15 00:40:31,991 : INFO : EventManager : Event: ======'game_starting'====== Args={'game': <Mode.game>}
2026-06-15 00:40:31,991 : INFO : EventManager : Unordered handler for class <Auditor> on event game_ended with priority 1. Handlers: [RegisteredHandler(callback=<bound method Auditor.disable of <Auditor>>, priority=1, kwargs={}, key=UUID('aecfc493-aa91-4e5d-bb48-5aa69a784001'), condition=None, blocking_facility=None), RegisteredHandler(callback=<bound method Auditor._save_audits of <Auditor>>, priority=1, kwargs={}, key=UUID('1c7ad672-1909-49bf-a9d5-37b0ce395101'), condition=None, blocking_facility=None)]. The order of those handlers is not defined and they will be executed in random order. This might lead to race conditions and potential bugs.
2026-06-15 00:40:31,992 : INFO : EventManager : Event: ======'player_add_request'====== Args={}
2026-06-15 00:40:31,992 : INFO : EventManager : Event: ======'player_will_add'====== Args={'number': 1}
2026-06-15 00:40:31,992 : INFO : EventManager : Event: ======'player_adding'====== Args={'player': <Player 1>, 'number': 1}
2026-06-15 00:40:31,992 : INFO : EventManager : Event: ======'player_added'====== Args={'player': <Player 1>, 'num': 1}
2026-06-15 00:40:31,992 : INFO : Mode.game : Player added successfully. Total players: 1
2026-06-15 00:40:31,992 : INFO : EventManager : Event: ======'player_index'====== Args={'value': 0, 'prev_value': 0, 'change': 0, 'player_num': 1}
2026-06-15 00:40:31,993 : INFO : EventManager : Event: ======'player_number'====== Args={'value': 1, 'prev_value': 1, 'change': 0, 'player_num': 1}
2026-06-15 00:40:31,993 : INFO : EventManager : Event: ======'player_score'====== Args={'value': 0, 'prev_value': 0, 'change': 0, 'player_num': 1}
2026-06-15 00:40:31,993 : INFO : EventManager : Event: ======'game_started'====== Args={}
2026-06-15 00:40:31,993 : INFO : EventManager : Event: ======'player_turn_will_start'====== Args={'player': <Player 1>, 'number': 1}
2026-06-15 00:40:31,993 : INFO : EventManager : Event: ======'player_turn_starting'====== Args={'player': <Player 1>, 'number': 1}
2026-06-15 00:40:31,994 : INFO : EventManager : Event: ======'player_ball'====== Args={'value': 1, 'prev_value': 0, 'change': 1, 'player_num': 1}
2026-06-15 00:40:31,994 : INFO : EventManager : Event: ======'player_turn_started'====== Args={'player': <Player 1>, 'number': 1}
2026-06-15 00:40:31,994 : INFO : EventManager : Event: ======'ball_will_start'====== Args={'player': 1, 'ball': 1, 'balls_remaining': 2, 'is_extra_ball': False}
2026-06-15 00:40:31,994 : INFO : EventManager : Event: ======'ball_starting'====== Args={'player': 1, 'ball': 1, 'balls_remaining': 2, 'is_extra_ball': False}
2026-06-15 00:40:31,995 : INFO : EventManager : Event: ======'balls_in_play'====== Args={'balls': 1}
2026-06-15 00:40:31,995 : INFO : EventManager : Event: ======'ball_started'====== Args={'player': 1, 'ball': 1, 'balls_remaining': 2, 'is_extra_ball': False}
2026-06-15 00:40:31,995 : INFO : EventManager : Event: ======'single_player_ball_started'====== Args={}
2026-06-15 00:40:32,001 : INFO : EventManager : Event: ======'ball_start_target'====== Args={'target': 'playfield'}
2026-06-15 00:40:32,002 : INFO : ball_device.bd_trough : Setting up player-controlled eject. Balls: 1, Target: <playfield.playfield>, player_controlled_eject_event: None
2026-06-15 00:40:32,003 : INFO : ball_device.bd_trough : Adding 1 ball(s) to the eject_queue with target <playfield.playfield>.
2026-06-15 00:40:32,003 : INFO : EventManager : Event: ======'balldevice_balls_available'====== Args={}
2026-06-15 00:40:32,004 : INFO : ball_device.bd_trough : State: waiting_for_target_ready
2026-06-15 00:40:32,004 : INFO : EventManager : Event: ======'balldevice_bd_trough_ball_eject_attempt'====== Args={'balls': 1, 'target': <ball_device.bd_plunger>, 'source': <ball_device.bd_trough>, 'mechanical_eject': False, 'num_attempts': 0}
2026-06-15 00:40:32,005 : INFO : ball_device.bd_plunger : State: waiting_for_ball
2026-06-15 00:40:32,005 : INFO : ball_device.bd_trough : State: ejecting
2026-06-15 00:40:32,005 : INFO : ball_device.bd_trough : Ejecting ball to <ball_device.bd_plunger>
2026-06-15 00:40:32,006 : INFO : EventManager : Event: ======'balldevice_bd_trough_ejecting_ball'====== Args={'balls': 1, 'target': <ball_device.bd_plunger>, 'source': <ball_device.bd_trough>, 'mechanical_eject': False, 'num_attempts': 0}
2026-06-15 00:40:32,007 : INFO : ball_device.bd_trough : Wait for ball to leave device
2026-06-15 00:40:32,007 : INFO : coil.c_trough_eject_coil : Pulsing Driver for 20ms (1.0 pulse_power)
2026-06-15 00:40:32,037 : INFO : SwitchController : <<<<<<< 's_trough_ball_1' inactive >>>>>>>
2026-06-15 00:40:32,038 : INFO : ball_device.bd_trough : State: ball_left
2026-06-15 00:40:32,038 : INFO : ball_device.bd_trough : Ball left
2026-06-15 00:40:32,038 : INFO : ball_device.bd_trough : Wait for confirm with timeout 2.0
2026-06-15 00:40:34,047 : INFO : ball_device.bd_trough : State: failed_confirm
2026-06-15 00:40:34,047 : INFO : ball_device.bd_trough : Got timeout (2.0s) before confirm from <ball_device.bd_plunger>
2026-06-15 00:40:34,048 : INFO : ball_device.bd_plunger : Expecting incoming ball which may skip the device.
2026-06-15 00:40:34,048 : INFO : EventManager : Event: ======'balldevice_bd_plunger_ejecting_ball'====== Args={'balls': 1, 'target': <playfield.playfield>, 'source': <ball_device.bd_plunger>, 'mechanical_eject': False, 'num_attempts': 1}
2026-06-15 00:40:34,614 : INFO : SwitchController : <<<<<<< 's_plunger' active >>>>>>>
2026-06-15 00:40:34,614 : INFO : EventManager : Event: ======'machine_var_audits_switches_s_plunger'====== Args={'value': 6, 'prev_value': 5, 'change': 1}
2026-06-15 00:40:35,121 : INFO : ball_device.bd_plunger : Received ball from <ball_device.bd_trough>
2026-06-15 00:40:35,122 : INFO : EventManager : Event: ======'balldevice_bd_plunger_ball_enter'====== Args={'new_balls': 1, 'unclaimed_balls': 0, 'new_available_balls': 0, 'device': <ball_device.bd_plunger>}
2026-06-15 00:40:35,123 : INFO : EventManager : Event: ======'balldevice_bd_plunger_ball_entered'====== Args={'new_balls': 0, 'device': <ball_device.bd_plunger>}
2026-06-15 00:40:35,124 : INFO : EventManager : Event: ======'balldevice_bd_plunger_ball_count_changed'====== Args={'balls': 1}
2026-06-15 00:40:35,125 : INFO : ball_device.bd_trough : Eject successful
2026-06-15 00:40:35,125 : INFO : EventManager : Event: ======'balldevice_bd_trough_ball_eject_success'====== Args={'balls': 1, 'target': <ball_device.bd_plunger>}
2026-06-15 00:40:35,126 : INFO : EventManager : Event: ======'balldevice_bd_plunger_ball_eject_failed'====== Args={'target': <playfield.playfield>, 'balls': 1, 'retry': True, 'num_attempts': 1}
2026-06-15 00:40:35,126 : INFO : ball_device.bd_plunger : No longer expecting incoming ball which may skip the device.
2026-06-15 00:40:35,126 : INFO : EventManager : Event: ======'balldevice_bd_trough_ball_count_changed'====== Args={'balls': 0}
2026-06-15 00:40:35,126 : INFO : ball_device.bd_trough : State: idle
2026-06-15 00:40:35,127 : INFO : ball_device.bd_plunger : State: waiting_for_target_ready
2026-06-15 00:40:35,127 : INFO : EventManager : Event: ======'balldevice_bd_plunger_ball_eject_attempt'====== Args={'balls': 1, 'target': <playfield.playfield>, 'source': <ball_device.bd_plunger>, 'mechanical_eject': False, 'num_attempts': 0}
2026-06-15 00:40:35,128 : INFO : ball_device.bd_plunger : State: ejecting
2026-06-15 00:40:35,128 : INFO : ball_device.bd_plunger : Ejecting ball to <playfield.playfield>
2026-06-15 00:40:35,128 : INFO : EventManager : Event: ======'balldevice_bd_plunger_ejecting_ball'====== Args={'balls': 1, 'target': <playfield.playfield>, 'source': <ball_device.bd_plunger>, 'mechanical_eject': False, 'num_attempts': 0}
2026-06-15 00:40:35,129 : INFO : ball_device.bd_plunger : Wait for ball to leave device
2026-06-15 00:40:35,683 : INFO : SwitchController : <<<<<<< 's_plunger' inactive >>>>>>>
2026-06-15 00:40:35,684 : INFO : ball_device.bd_plunger : State: ball_left
2026-06-15 00:40:35,684 : INFO : ball_device.bd_plunger : Ball left
2026-06-15 00:40:35,684 : INFO : ball_device.bd_plunger : Wait for confirm with timeout 5.0
2026-06-15 00:40:37,456 : INFO : SwitchController : <<<<<<< 's_right_inlane' active >>>>>>>
2026-06-15 00:40:37,456 : INFO : EventManager : Event: ======'machine_var_audits_switches_s_right_inlane'====== Args={'value': 4, 'prev_value': 3, 'change': 1}
2026-06-15 00:40:37,583 : INFO : SwitchController : <<<<<<< 's_right_inlane' inactive >>>>>>>
2026-06-15 00:40:37,916 : INFO : SwitchController : <<<<<<< 's_right_inlane' active >>>>>>>
2026-06-15 00:40:37,916 : INFO : EventManager : Event: ======'machine_var_audits_switches_s_right_inlane'====== Args={'value': 5, 'prev_value': 4, 'change': 1}
2026-06-15 00:40:38,044 : INFO : SwitchController : <<<<<<< 's_right_inlane' inactive >>>>>>>
2026-06-15 00:40:39,234 : INFO : SwitchController : <<<<<<< 's_slingshot_left' active >>>>>>>
2026-06-15 00:40:39,234 : INFO : EventManager : Event: ======'playfield_active'====== Args={'source': 'left_sling'}
2026-06-15 00:40:39,235 : INFO : EventManager : Event: ======'machine_var_audits_switches_s_slingshot_left'====== Args={'value': 13, 'prev_value': 12, 'change': 1}
2026-06-15 00:40:39,236 : INFO : ball_device.bd_plunger : Got eject confirm
2026-06-15 00:40:39,237 : INFO : ball_device.bd_plunger : Eject successful
2026-06-15 00:40:39,237 : INFO : EventManager : Event: ======'balldevice_bd_plunger_ball_eject_success'====== Args={'balls': 1, 'target': <playfield.playfield>}
2026-06-15 00:40:39,237 : INFO : EventManager : Event: ======'balldevice_playfield_ball_enter'====== Args={'new_balls': 1, 'unclaimed_balls': 1, 'device': <playfield.playfield>}
2026-06-15 00:40:39,238 : INFO : EventManager : Event: ======'playfield_ball_count_change'====== Args={'balls': 1, 'change': 1}
2026-06-15 00:40:39,238 : INFO : EventManager : Event: ======'balldevice_bd_plunger_ball_count_changed'====== Args={'balls': 0}
2026-06-15 00:40:39,238 : INFO : ball_device.bd_plunger : State: idle
2026-06-15 00:40:39,267 : INFO : SwitchController : <<<<<<< 's_slingshot_left' inactive >>>>>>>
2026-06-15 00:40:41,724 : INFO : SwitchController : <<<<<<< 's_trough_ball_6' active >>>>>>>
2026-06-15 00:40:41,725 : INFO : EventManager : Event: ======'machine_var_audits_switches_s_trough_ball_6'====== Args={'value': 4, 'prev_value': 3, 'change': 1}
2026-06-15 00:40:41,820 : INFO : SwitchController : <<<<<<< 's_trough_ball_6' inactive >>>>>>>
2026-06-15 00:40:41,820 : INFO : SwitchController : <<<<<<< 's_trough_ball_5' active >>>>>>>
2026-06-15 00:40:41,821 : INFO : EventManager : Event: ======'machine_var_audits_switches_s_trough_ball_5'====== Args={'value': 4, 'prev_value': 3, 'change': 1}
2026-06-15 00:40:41,899 : INFO : SwitchController : <<<<<<< 's_trough_ball_5' inactive >>>>>>>
2026-06-15 00:40:41,899 : INFO : SwitchController : <<<<<<< 's_trough_ball_4' active >>>>>>>
2026-06-15 00:40:41,900 : INFO : EventManager : Event: ======'machine_var_audits_switches_s_trough_ball_4'====== Args={'value': 4, 'prev_value': 3, 'change': 1}
2026-06-15 00:40:41,963 : INFO : SwitchController : <<<<<<< 's_trough_ball_4' inactive >>>>>>>
2026-06-15 00:40:41,978 : INFO : SwitchController : <<<<<<< 's_trough_ball_3' active >>>>>>>
2026-06-15 00:40:41,979 : INFO : EventManager : Event: ======'machine_var_audits_switches_s_trough_ball_3'====== Args={'value': 4, 'prev_value': 3, 'change': 1}
2026-06-15 00:40:42,027 : INFO : SwitchController : <<<<<<< 's_trough_ball_3' inactive >>>>>>>
2026-06-15 00:40:42,027 : INFO : SwitchController : <<<<<<< 's_trough_ball_2' active >>>>>>>
2026-06-15 00:40:42,028 : INFO : EventManager : Event: ======'machine_var_audits_switches_s_trough_ball_2'====== Args={'value': 16, 'prev_value': 15, 'change': 1}
2026-06-15 00:40:42,090 : INFO : SwitchController : <<<<<<< 's_trough_ball_2' inactive >>>>>>>
2026-06-15 00:40:42,091 : INFO : SwitchController : <<<<<<< 's_trough_ball_1' active >>>>>>>
2026-06-15 00:40:42,091 : INFO : EventManager : Event: ======'machine_var_audits_switches_s_trough_ball_1'====== Args={'value': 87, 'prev_value': 86, 'change': 1}
2026-06-15 00:40:42,598 : INFO : EventManager : Event: ======'balldevice_bd_trough_ball_count_changed'====== Args={'balls': 1}
2026-06-15 00:40:42,598 : INFO : ball_device.bd_trough : Received unexpected ball
2026-06-15 00:40:42,598 : INFO : EventManager : Event: ======'balldevice_captured_from_playfield'====== Args={'balls': 1}
2026-06-15 00:40:42,599 : INFO : EventManager : Event: ======'sw_playfield_active'====== Args={'balls': 1}
2026-06-15 00:40:42,600 : INFO : EventManager : Event: ======'playfield_ball_count_change'====== Args={'balls': 0, 'change': -1}
2026-06-15 00:40:42,601 : INFO : EventManager : Event: ======'balldevice_bd_trough_ball_enter'====== Args={'new_balls': 1, 'unclaimed_balls': 1, 'new_available_balls': 1, 'device': <ball_device.bd_trough>}
2026-06-15 00:40:42,601 : INFO : EventManager : Event: ======'ball_drain'====== Args={'device': <ball_device.bd_trough>, 'balls': 1}
2026-06-15 00:40:42,602 : INFO : EventManager : Event: ======'ball_will_end'====== Args={}
2026-06-15 00:40:42,602 : INFO : EventManager : Event: ======'balldevice_balls_available'====== Args={}
2026-06-15 00:40:42,602 : INFO : EventManager : Event: ======'balldevice_bd_trough_ball_entered'====== Args={'new_balls': 1, 'device': <ball_device.bd_trough>}
2026-06-15 00:40:42,604 : INFO : EventManager : Event: ======'ball_ending'====== Args={}
2026-06-15 00:40:42,604 : INFO : EventManager : Event: ======'ball_ended'====== Args={}
2026-06-15 00:40:42,605 : INFO : EventManager : Event: ======'player_turn_will_end'====== Args={'player': <Player 1>, 'number': 1}
2026-06-15 00:40:42,605 : INFO : EventManager : Event: ======'player_turn_ending'====== Args={'player': <Player 1>, 'number': 1}
2026-06-15 00:40:42,605 : INFO : EventManager : Event: ======'player_turn_ended'====== Args={'player': <Player 1>, 'number': 1}
2026-06-15 00:40:42,606 : INFO : EventManager : Event: ======'player_turn_will_start'====== Args={'player': <Player 1>, 'number': 1}
2026-06-15 00:40:42,606 : INFO : EventManager : Event: ======'player_turn_starting'====== Args={'player': <Player 1>, 'number': 1}
2026-06-15 00:40:42,607 : INFO : EventManager : Event: ======'player_ball'====== Args={'value': 2, 'prev_value': 1, 'change': 1, 'player_num': 1}
2026-06-15 00:40:42,607 : INFO : EventManager : Event: ======'player_turn_started'====== Args={'player': <Player 1>, 'number': 1}
2026-06-15 00:40:42,607 : INFO : EventManager : Event: ======'ball_will_start'====== Args={'player': 1, 'ball': 2, 'balls_remaining': 1, 'is_extra_ball': False}
2026-06-15 00:40:42,608 : INFO : EventManager : Event: ======'ball_starting'====== Args={'player': 1, 'ball': 2, 'balls_remaining': 1, 'is_extra_ball': False}
2026-06-15 00:40:42,609 : INFO : EventManager : Event: ======'balls_in_play'====== Args={'balls': 1}
2026-06-15 00:40:42,609 : INFO : EventManager : Event: ======'ball_started'====== Args={'player': 1, 'ball': 2, 'balls_remaining': 1, 'is_extra_ball': False}
2026-06-15 00:40:42,610 : INFO : EventManager : Event: ======'single_player_ball_started'====== Args={}
2026-06-15 00:40:42,611 : INFO : EventManager : Event: ======'ball_start_target'====== Args={'target': 'playfield'}
2026-06-15 00:40:42,614 : INFO : ball_device.bd_trough : Setting up player-controlled eject. Balls: 1, Target: <playfield.playfield>, player_controlled_eject_event: None
2026-06-15 00:40:42,614 : INFO : ball_device.bd_trough : Adding 1 ball(s) to the eject_queue with target <playfield.playfield>.
2026-06-15 00:40:42,615 : INFO : EventManager : Event: ======'balldevice_balls_available'====== Args={}
2026-06-15 00:40:42,618 : INFO : ball_device.bd_trough : State: waiting_for_target_ready
2026-06-15 00:40:42,618 : INFO : EventManager : Event: ======'balldevice_bd_trough_ball_eject_attempt'====== Args={'balls': 1, 'target': <ball_device.bd_plunger>, 'source': <ball_device.bd_trough>, 'mechanical_eject': False, 'num_attempts': 0}
2026-06-15 00:40:42,619 : INFO : ball_device.bd_plunger : State: waiting_for_ball
2026-06-15 00:40:42,619 : INFO : ball_device.bd_trough : State: ejecting
2026-06-15 00:40:42,619 : INFO : ball_device.bd_trough : Ejecting ball to <ball_device.bd_plunger>
2026-06-15 00:40:42,619 : INFO : EventManager : Event: ======'balldevice_bd_trough_ejecting_ball'====== Args={'balls': 1, 'target': <ball_device.bd_plunger>, 'source': <ball_device.bd_trough>, 'mechanical_eject': False, 'num_attempts': 0}
2026-06-15 00:40:42,620 : INFO : ball_device.bd_trough : Wait for ball to leave device
2026-06-15 00:40:42,620 : INFO : coil.c_trough_eject_coil : Pulsing Driver for 20ms (1.0 pulse_power)
2026-06-15 00:40:42,661 : INFO : SwitchController : <<<<<<< 's_trough_ball_1' inactive >>>>>>>
2026-06-15 00:40:42,662 : INFO : ball_device.bd_trough : State: ball_left
2026-06-15 00:40:42,662 : INFO : ball_device.bd_trough : Ball left
2026-06-15 00:40:42,662 : INFO : ball_device.bd_trough : Wait for confirm with timeout 2.0
2026-06-15 00:40:42,851 : INFO : SwitchController : <<<<<<< 's_plunger' active >>>>>>>
2026-06-15 00:40:42,852 : INFO : EventManager : Event: ======'machine_var_audits_switches_s_plunger'====== Args={'value': 7, 'prev_value': 6, 'change': 1}
2026-06-15 00:40:43,359 : INFO : ball_device.bd_plunger : Received ball from <ball_device.bd_trough>
2026-06-15 00:40:43,359 : INFO : EventManager : Event: ======'balldevice_bd_plunger_ball_enter'====== Args={'new_balls': 1, 'unclaimed_balls': 0, 'new_available_balls': 0, 'device': <ball_device.bd_plunger>}
2026-06-15 00:40:43,359 : INFO : EventManager : Event: ======'balldevice_bd_plunger_ball_entered'====== Args={'new_balls': 0, 'device': <ball_device.bd_plunger>}
2026-06-15 00:40:43,360 : INFO : EventManager : Event: ======'balldevice_bd_plunger_ball_count_changed'====== Args={'balls': 1}
2026-06-15 00:40:43,360 : INFO : ball_device.bd_trough : Got eject confirm
2026-06-15 00:40:43,360 : INFO : ball_device.bd_trough : Eject successful
2026-06-15 00:40:43,360 : INFO : EventManager : Event: ======'balldevice_bd_trough_ball_eject_success'====== Args={'balls': 1, 'target': <ball_device.bd_plunger>}
2026-06-15 00:40:43,360 : INFO : ball_device.bd_plunger : State: waiting_for_target_ready
2026-06-15 00:40:43,360 : INFO : EventManager : Event: ======'balldevice_bd_plunger_ball_eject_attempt'====== Args={'balls': 1, 'target': <playfield.playfield>, 'source': <ball_device.bd_plunger>, 'mechanical_eject': False, 'num_attempts': 0}
2026-06-15 00:40:43,360 : INFO : EventManager : Event: ======'balldevice_bd_trough_ball_count_changed'====== Args={'balls': 0}
2026-06-15 00:40:43,360 : INFO : ball_device.bd_trough : State: idle
2026-06-15 00:40:43,361 : INFO : ball_device.bd_plunger : State: ejecting
2026-06-15 00:40:43,361 : INFO : ball_device.bd_plunger : Ejecting ball to <playfield.playfield>
2026-06-15 00:40:43,361 : INFO : EventManager : Event: ======'balldevice_bd_plunger_ejecting_ball'====== Args={'balls': 1, 'target': <playfield.playfield>, 'source': <ball_device.bd_plunger>, 'mechanical_eject': False, 'num_attempts': 0}
2026-06-15 00:40:43,361 : INFO : ball_device.bd_plunger : Wait for ball to leave device
2026-06-15 00:40:44,486 : INFO : SwitchController : <<<<<<< 's_plunger' inactive >>>>>>>
2026-06-15 00:40:44,487 : INFO : ball_device.bd_plunger : State: ball_left
2026-06-15 00:40:44,487 : INFO : ball_device.bd_plunger : Ball left
2026-06-15 00:40:44,488 : INFO : ball_device.bd_plunger : Wait for confirm with timeout 5.0
2026-06-15 00:40:45,391 : INFO : SwitchController : <<<<<<< 's_right_outlane' active >>>>>>>
2026-06-15 00:40:45,391 : INFO : EventManager : Event: ======'machine_var_audits_switches_s_right_outlane'====== Args={'value': 9, 'prev_value': 8, 'change': 1}
2026-06-15 00:40:45,456 : INFO : SwitchController : <<<<<<< 's_right_outlane' inactive >>>>>>>
2026-06-15 00:40:45,472 : INFO : SwitchController : <<<<<<< 's_right_outlane' active >>>>>>>
2026-06-15 00:40:45,473 : INFO : EventManager : Event: ======'machine_var_audits_switches_s_right_outlane'====== Args={'value': 10, 'prev_value': 9, 'change': 1}
2026-06-15 00:40:45,474 : INFO : SwitchController : <<<<<<< 's_right_outlane' inactive >>>>>>>
2026-06-15 00:40:45,805 : INFO : SwitchController : <<<<<<< 's_right_outlane' active >>>>>>>
2026-06-15 00:40:45,805 : INFO : EventManager : Event: ======'machine_var_audits_switches_s_right_outlane'====== Args={'value': 11, 'prev_value': 10, 'change': 1}
2026-06-15 00:40:45,883 : INFO : SwitchController : <<<<<<< 's_right_outlane' inactive >>>>>>>
2026-06-15 00:40:46,708 : INFO : SwitchController : <<<<<<< 's_trough_ball_6' active >>>>>>>
2026-06-15 00:40:46,709 : INFO : EventManager : Event: ======'machine_var_audits_switches_s_trough_ball_6'====== Args={'value': 5, 'prev_value': 4, 'change': 1}
2026-06-15 00:40:46,835 : INFO : SwitchController : <<<<<<< 's_trough_ball_6' inactive >>>>>>>
2026-06-15 00:40:46,851 : INFO : SwitchController : <<<<<<< 's_trough_ball_5' active >>>>>>>
2026-06-15 00:40:46,852 : INFO : EventManager : Event: ======'machine_var_audits_switches_s_trough_ball_5'====== Args={'value': 5, 'prev_value': 4, 'change': 1}
2026-06-15 00:40:46,947 : INFO : SwitchController : <<<<<<< 's_trough_ball_5' inactive >>>>>>>
2026-06-15 00:40:46,948 : INFO : SwitchController : <<<<<<< 's_trough_ball_4' active >>>>>>>
2026-06-15 00:40:46,948 : INFO : EventManager : Event: ======'machine_var_audits_switches_s_trough_ball_4'====== Args={'value': 5, 'prev_value': 4, 'change': 1}
2026-06-15 00:40:47,026 : INFO : SwitchController : <<<<<<< 's_trough_ball_4' inactive >>>>>>>
2026-06-15 00:40:47,027 : INFO : SwitchController : <<<<<<< 's_trough_ball_3' active >>>>>>>
2026-06-15 00:40:47,027 : INFO : EventManager : Event: ======'machine_var_audits_switches_s_trough_ball_3'====== Args={'value': 5, 'prev_value': 4, 'change': 1}
2026-06-15 00:40:47,089 : INFO : SwitchController : <<<<<<< 's_trough_ball_3' inactive >>>>>>>
2026-06-15 00:40:47,090 : INFO : SwitchController : <<<<<<< 's_trough_ball_2' active >>>>>>>
2026-06-15 00:40:47,090 : INFO : EventManager : Event: ======'machine_var_audits_switches_s_trough_ball_2'====== Args={'value': 17, 'prev_value': 16, 'change': 1}
2026-06-15 00:40:47,153 : INFO : SwitchController : <<<<<<< 's_trough_ball_2' inactive >>>>>>>
2026-06-15 00:40:47,153 : INFO : SwitchController : <<<<<<< 's_trough_ball_1' active >>>>>>>
2026-06-15 00:40:47,153 : INFO : EventManager : Event: ======'machine_var_audits_switches_s_trough_ball_1'====== Args={'value': 88, 'prev_value': 87, 'change': 1}
2026-06-15 00:40:47,662 : INFO : EventManager : Event: ======'balldevice_bd_trough_ball_count_changed'====== Args={'balls': 1}
2026-06-15 00:40:47,662 : INFO : ball_device.bd_trough : Received unexpected ball
2026-06-15 00:40:47,663 : INFO : EventManager : Event: ======'balldevice_captured_from_playfield'====== Args={'balls': 1}
2026-06-15 00:40:47,663 : INFO : EventManager : Event: ======'sw_playfield_active'====== Args={'balls': 1}
2026-06-15 00:40:47,664 : INFO : EventManager : Event: ======'playfield_active'====== Args={'source': None}
2026-06-15 00:40:47,664 : INFO : EventManager : Event: ======'playfield_ball_count_change'====== Args={'balls': -1, 'change': -1}
2026-06-15 00:40:47,665 : INFO : EventManager : Event: ======'balldevice_bd_trough_ball_enter'====== Args={'new_balls': 1, 'unclaimed_balls': 1, 'new_available_balls': 1, 'device': <ball_device.bd_trough>}
2026-06-15 00:40:47,666 : INFO : EventManager : Event: ======'ball_drain'====== Args={'device': <ball_device.bd_trough>, 'balls': 1}
2026-06-15 00:40:47,667 : INFO : ball_device.bd_plunger : Got eject confirm
2026-06-15 00:40:47,667 : INFO : ball_device.bd_plunger : Eject successful
2026-06-15 00:40:47,667 : INFO : EventManager : Event: ======'balldevice_bd_plunger_ball_eject_success'====== Args={'balls': 1, 'target': <playfield.playfield>}
2026-06-15 00:40:47,667 : INFO : EventManager : Event: ======'balldevice_playfield_ball_enter'====== Args={'new_balls': 1, 'unclaimed_balls': 1, 'device': <playfield.playfield>}
2026-06-15 00:40:47,667 : INFO : EventManager : Event: ======'playfield_ball_count_change'====== Args={'balls': 0, 'change': 1}
2026-06-15 00:40:47,667 : INFO : EventManager : Event: ======'ball_will_end'====== Args={}
2026-06-15 00:40:47,667 : INFO : EventManager : Event: ======'balldevice_balls_available'====== Args={}
2026-06-15 00:40:47,667 : INFO : EventManager : Event: ======'balldevice_bd_trough_ball_entered'====== Args={'new_balls': 1, 'device': <ball_device.bd_trough>}
2026-06-15 00:40:47,668 : INFO : EventManager : Event: ======'balldevice_bd_plunger_ball_count_changed'====== Args={'balls': 0}
2026-06-15 00:40:47,668 : INFO : ball_device.bd_plunger : State: idle
2026-06-15 00:40:47,669 : INFO : EventManager : Event: ======'ball_ending'====== Args={}
2026-06-15 00:40:47,674 : INFO : EventManager : Event: ======'ball_ended'====== Args={}
2026-06-15 00:40:47,675 : INFO : EventManager : Event: ======'player_turn_will_end'====== Args={'player': <Player 1>, 'number': 1}
2026-06-15 00:40:47,675 : INFO : EventManager : Event: ======'player_turn_ending'====== Args={'player': <Player 1>, 'number': 1}
2026-06-15 00:40:47,676 : INFO : EventManager : Event: ======'player_turn_ended'====== Args={'player': <Player 1>, 'number': 1}
2026-06-15 00:40:47,677 : INFO : EventManager : Event: ======'player_turn_will_start'====== Args={'player': <Player 1>, 'number': 1}
2026-06-15 00:40:47,677 : INFO : EventManager : Event: ======'player_turn_starting'====== Args={'player': <Player 1>, 'number': 1}
2026-06-15 00:40:47,678 : INFO : EventManager : Event: ======'player_ball'====== Args={'value': 3, 'prev_value': 2, 'change': 1, 'player_num': 1}
2026-06-15 00:40:47,678 : INFO : EventManager : Event: ======'player_turn_started'====== Args={'player': <Player 1>, 'number': 1}
2026-06-15 00:40:47,678 : INFO : EventManager : Event: ======'ball_will_start'====== Args={'player': 1, 'ball': 3, 'balls_remaining': 0, 'is_extra_ball': False}
2026-06-15 00:40:47,679 : INFO : EventManager : Event: ======'ball_starting'====== Args={'player': 1, 'ball': 3, 'balls_remaining': 0, 'is_extra_ball': False}
2026-06-15 00:40:47,680 : INFO : EventManager : Event: ======'balls_in_play'====== Args={'balls': 1}
2026-06-15 00:40:47,680 : INFO : EventManager : Event: ======'ball_started'====== Args={'player': 1, 'ball': 3, 'balls_remaining': 0, 'is_extra_ball': False}
2026-06-15 00:40:47,682 : INFO : EventManager : Event: ======'single_player_ball_started'====== Args={}
2026-06-15 00:40:47,684 : INFO : EventManager : Event: ======'ball_start_target'====== Args={'target': 'playfield'}
2026-06-15 00:40:47,685 : INFO : ball_device.bd_trough : Setting up player-controlled eject. Balls: 1, Target: <playfield.playfield>, player_controlled_eject_event: None
2026-06-15 00:40:47,685 : INFO : ball_device.bd_trough : Adding 1 ball(s) to the eject_queue with target <playfield.playfield>.
2026-06-15 00:40:47,685 : INFO : EventManager : Event: ======'balldevice_balls_available'====== Args={}
2026-06-15 00:40:47,686 : INFO : ball_device.bd_trough : State: waiting_for_target_ready
2026-06-15 00:40:47,686 : INFO : EventManager : Event: ======'balldevice_bd_trough_ball_eject_attempt'====== Args={'balls': 1, 'target': <ball_device.bd_plunger>, 'source': <ball_device.bd_trough>, 'mechanical_eject': False, 'num_attempts': 0}
2026-06-15 00:40:47,686 : INFO : ball_device.bd_plunger : State: waiting_for_ball
2026-06-15 00:40:47,686 : INFO : ball_device.bd_trough : State: ejecting
2026-06-15 00:40:47,686 : INFO : ball_device.bd_trough : Ejecting ball to <ball_device.bd_plunger>
2026-06-15 00:40:47,686 : INFO : EventManager : Event: ======'balldevice_bd_trough_ejecting_ball'====== Args={'balls': 1, 'target': <ball_device.bd_plunger>, 'source': <ball_device.bd_trough>, 'mechanical_eject': False, 'num_attempts': 0}
2026-06-15 00:40:47,687 : INFO : ball_device.bd_trough : Wait for ball to leave device
2026-06-15 00:40:47,687 : INFO : coil.c_trough_eject_coil : Pulsing Driver for 20ms (1.0 pulse_power)
2026-06-15 00:40:47,725 : INFO : SwitchController : <<<<<<< 's_trough_ball_1' inactive >>>>>>>
2026-06-15 00:40:47,727 : INFO : ball_device.bd_trough : State: ball_left
2026-06-15 00:40:47,727 : INFO : ball_device.bd_trough : Ball left
2026-06-15 00:40:47,727 : INFO : ball_device.bd_trough : Wait for confirm with timeout 2.0
2026-06-15 00:40:47,899 : INFO : SwitchController : <<<<<<< 's_plunger' active >>>>>>>
2026-06-15 00:40:47,900 : INFO : EventManager : Event: ======'machine_var_audits_switches_s_plunger'====== Args={'value': 8, 'prev_value': 7, 'change': 1}
2026-06-15 00:40:48,400 : INFO : ball_device.bd_plunger : Received ball from <ball_device.bd_trough>
2026-06-15 00:40:48,400 : INFO : EventManager : Event: ======'balldevice_bd_plunger_ball_enter'====== Args={'new_balls': 1, 'unclaimed_balls': 0, 'new_available_balls': 0, 'device': <ball_device.bd_plunger>}
2026-06-15 00:40:48,400 : INFO : EventManager : Event: ======'balldevice_bd_plunger_ball_entered'====== Args={'new_balls': 0, 'device': <ball_device.bd_plunger>}
2026-06-15 00:40:48,401 : INFO : EventManager : Event: ======'balldevice_bd_plunger_ball_count_changed'====== Args={'balls': 1}
2026-06-15 00:40:48,401 : INFO : ball_device.bd_trough : Got eject confirm
2026-06-15 00:40:48,401 : INFO : ball_device.bd_trough : Eject successful
2026-06-15 00:40:48,401 : INFO : EventManager : Event: ======'balldevice_bd_trough_ball_eject_success'====== Args={'balls': 1, 'target': <ball_device.bd_plunger>}
2026-06-15 00:40:48,401 : INFO : ball_device.bd_plunger : State: waiting_for_target_ready
2026-06-15 00:40:48,401 : INFO : EventManager : Event: ======'balldevice_bd_plunger_ball_eject_attempt'====== Args={'balls': 1, 'target': <playfield.playfield>, 'source': <ball_device.bd_plunger>, 'mechanical_eject': False, 'num_attempts': 0}
2026-06-15 00:40:48,401 : INFO : EventManager : Event: ======'balldevice_bd_trough_ball_count_changed'====== Args={'balls': 0}
2026-06-15 00:40:48,401 : INFO : ball_device.bd_trough : State: idle
2026-06-15 00:40:48,401 : INFO : ball_device.bd_plunger : State: ejecting
2026-06-15 00:40:48,401 : INFO : ball_device.bd_plunger : Ejecting ball to <playfield.playfield>
2026-06-15 00:40:48,401 : INFO : EventManager : Event: ======'balldevice_bd_plunger_ejecting_ball'====== Args={'balls': 1, 'target': <playfield.playfield>, 'source': <ball_device.bd_plunger>, 'mechanical_eject': False, 'num_attempts': 0}
2026-06-15 00:40:48,402 : INFO : ball_device.bd_plunger : Wait for ball to leave device
2026-06-15 00:40:49,368 : INFO : SwitchController : <<<<<<< 's_plunger' inactive >>>>>>>
2026-06-15 00:40:49,369 : INFO : ball_device.bd_plunger : State: ball_left
2026-06-15 00:40:49,369 : INFO : ball_device.bd_plunger : Ball left
2026-06-15 00:40:49,369 : INFO : ball_device.bd_plunger : Wait for confirm with timeout 5.0
2026-06-15 00:40:50,511 : INFO : SwitchController : <<<<<<< 's_right_outlane' active >>>>>>>
2026-06-15 00:40:50,511 : INFO : EventManager : Event: ======'machine_var_audits_switches_s_right_outlane'====== Args={'value': 12, 'prev_value': 11, 'change': 1}
2026-06-15 00:40:50,670 : INFO : SwitchController : <<<<<<< 's_right_outlane' inactive >>>>>>>
2026-06-15 00:40:50,876 : INFO : SwitchController : <<<<<<< 's_right_outlane' active >>>>>>>
2026-06-15 00:40:50,876 : INFO : EventManager : Event: ======'machine_var_audits_switches_s_right_outlane'====== Args={'value': 13, 'prev_value': 12, 'change': 1}
2026-06-15 00:40:50,987 : INFO : SwitchController : <<<<<<< 's_right_outlane' inactive >>>>>>>
2026-06-15 00:40:53,668 : INFO : SwitchController : <<<<<<< 's_trough_ball_6' active >>>>>>>
2026-06-15 00:40:53,668 : INFO : EventManager : Event: ======'machine_var_audits_switches_s_trough_ball_6'====== Args={'value': 6, 'prev_value': 5, 'change': 1}
2026-06-15 00:40:53,747 : INFO : SwitchController : <<<<<<< 's_trough_ball_6' inactive >>>>>>>
2026-06-15 00:40:53,747 : INFO : SwitchController : <<<<<<< 's_trough_ball_5' active >>>>>>>
2026-06-15 00:40:53,748 : INFO : EventManager : Event: ======'machine_var_audits_switches_s_trough_ball_5'====== Args={'value': 6, 'prev_value': 5, 'change': 1}
2026-06-15 00:40:53,810 : INFO : SwitchController : <<<<<<< 's_trough_ball_5' inactive >>>>>>>
2026-06-15 00:40:53,826 : INFO : SwitchController : <<<<<<< 's_trough_ball_4' active >>>>>>>
2026-06-15 00:40:53,827 : INFO : EventManager : Event: ======'machine_var_audits_switches_s_trough_ball_4'====== Args={'value': 6, 'prev_value': 5, 'change': 1}
2026-06-15 00:40:53,874 : INFO : SwitchController : <<<<<<< 's_trough_ball_4' inactive >>>>>>>
2026-06-15 00:40:53,890 : INFO : SwitchController : <<<<<<< 's_trough_ball_3' active >>>>>>>
2026-06-15 00:40:53,890 : INFO : EventManager : Event: ======'machine_var_audits_switches_s_trough_ball_3'====== Args={'value': 6, 'prev_value': 5, 'change': 1}
2026-06-15 00:40:53,937 : INFO : SwitchController : <<<<<<< 's_trough_ball_3' inactive >>>>>>>
2026-06-15 00:40:53,938 : INFO : SwitchController : <<<<<<< 's_trough_ball_2' active >>>>>>>
2026-06-15 00:40:53,938 : INFO : EventManager : Event: ======'machine_var_audits_switches_s_trough_ball_2'====== Args={'value': 18, 'prev_value': 17, 'change': 1}
2026-06-15 00:40:53,984 : INFO : SwitchController : <<<<<<< 's_trough_ball_2' inactive >>>>>>>
2026-06-15 00:40:53,986 : INFO : SwitchController : <<<<<<< 's_trough_ball_1' active >>>>>>>
2026-06-15 00:40:53,987 : INFO : EventManager : Event: ======'machine_var_audits_switches_s_trough_ball_1'====== Args={'value': 89, 'prev_value': 88, 'change': 1}
2026-06-15 00:40:54,047 : INFO : SwitchController : <<<<<<< 's_trough_ball_1' inactive >>>>>>>
2026-06-15 00:40:54,063 : INFO : SwitchController : <<<<<<< 's_trough_ball_1' active >>>>>>>
2026-06-15 00:40:54,063 : INFO : EventManager : Event: ======'machine_var_audits_switches_s_trough_ball_1'====== Args={'value': 90, 'prev_value': 89, 'change': 1}
2026-06-15 00:40:54,380 : INFO : ball_device.bd_plunger : State: failed_confirm
2026-06-15 00:40:54,381 : INFO : ball_device.bd_plunger : Got timeout (5.0s) before confirm from <playfield.playfield>
2026-06-15 00:40:54,492 : INFO : ball_device.bd_plunger : Confirming eject because target is playfield and ball did not return.
2026-06-15 00:40:54,492 : INFO : ball_device.bd_plunger : Eject successful
2026-06-15 00:40:54,492 : INFO : EventManager : Event: ======'balldevice_bd_plunger_ball_eject_success'====== Args={'balls': 1, 'target': <playfield.playfield>}
2026-06-15 00:40:54,493 : INFO : EventManager : Event: ======'balldevice_playfield_ball_enter'====== Args={'new_balls': 1, 'unclaimed_balls': 1, 'device': <playfield.playfield>}
2026-06-15 00:40:54,493 : INFO : EventManager : Event: ======'playfield_ball_count_change'====== Args={'balls': 1, 'change': 1}
2026-06-15 00:40:54,493 : INFO : EventManager : Event: ======'balldevice_bd_plunger_ball_count_changed'====== Args={'balls': 0}
2026-06-15 00:40:54,493 : INFO : ball_device.bd_plunger : State: idle
2026-06-15 00:40:54,572 : INFO : EventManager : Event: ======'balldevice_bd_trough_ball_count_changed'====== Args={'balls': 1}
2026-06-15 00:40:54,572 : INFO : ball_device.bd_trough : Received unexpected ball
2026-06-15 00:40:54,572 : INFO : EventManager : Event: ======'balldevice_captured_from_playfield'====== Args={'balls': 1}
2026-06-15 00:40:54,573 : INFO : EventManager : Event: ======'sw_playfield_active'====== Args={'balls': 1}
2026-06-15 00:40:54,573 : INFO : EventManager : Event: ======'playfield_ball_count_change'====== Args={'balls': 0, 'change': -1}
2026-06-15 00:40:54,574 : INFO : EventManager : Event: ======'balldevice_bd_trough_ball_enter'====== Args={'new_balls': 1, 'unclaimed_balls': 1, 'new_available_balls': 1, 'device': <ball_device.bd_trough>}
2026-06-15 00:40:54,574 : INFO : EventManager : Event: ======'ball_drain'====== Args={'device': <ball_device.bd_trough>, 'balls': 1}
2026-06-15 00:40:54,575 : INFO : EventManager : Event: ======'ball_will_end'====== Args={}
2026-06-15 00:40:54,576 : INFO : EventManager : Event: ======'balldevice_balls_available'====== Args={}
2026-06-15 00:40:54,576 : INFO : EventManager : Event: ======'balldevice_bd_trough_ball_entered'====== Args={'new_balls': 1, 'device': <ball_device.bd_trough>}
2026-06-15 00:40:54,577 : INFO : EventManager : Event: ======'ball_ending'====== Args={}
2026-06-15 00:40:54,581 : INFO : EventManager : Event: ======'ball_ended'====== Args={}
2026-06-15 00:40:54,581 : INFO : EventManager : Event: ======'player_turn_will_end'====== Args={'player': <Player 1>, 'number': 1}
2026-06-15 00:40:54,581 : INFO : EventManager : Event: ======'player_turn_ending'====== Args={'player': <Player 1>, 'number': 1}
2026-06-15 00:40:54,582 : INFO : EventManager : Event: ======'player_turn_ended'====== Args={'player': <Player 1>, 'number': 1}
2026-06-15 00:40:54,582 : INFO : EventManager : Event: ======'game_will_end'====== Args={}
2026-06-15 00:40:54,583 : INFO : EventManager : Event: ======'game_ending'====== Args={}
2026-06-15 00:40:54,584 : INFO : EventManager : Event: ======'game_ended'====== Args={}
2026-06-15 00:40:54,585 : INFO : EventManager : Event: ======'mode_game_will_stop'====== Args={}
2026-06-15 00:40:54,585 : INFO : EventManager : Event: ======'mode_game_stopping'====== Args={}
2026-06-15 00:40:54,585 : INFO : EventManager : Event: ======'mode_attract_will_start'====== Args={}
2026-06-15 00:40:54,585 : INFO : EventManager : Event: ======'mode_attract_starting'====== Args={}
2026-06-15 00:40:54,585 : INFO : Mode.attract : Started. Priority: 10
2026-06-15 00:40:54,586 : INFO : EventManager : Event: ======'modes_active_modes_changed'====== Args={}
2026-06-15 00:40:54,586 : INFO : EventManager : Event: ======'mode_attract_started'====== Args={}
2026-06-15 00:40:54,586 : INFO : EventManager : Event: ======'collecting_balls_complete'====== Args={}
2026-06-15 00:40:54,586 : INFO : Mode.game : Stopped.
2026-06-15 00:40:54,586 : INFO : EventManager : Event: ======'modes_active_modes_changed'====== Args={}
2026-06-15 00:40:54,586 : INFO : EventManager : Event: ======'mode_game_stopped'====== Args={}
2026-06-15 00:40:54,586 : INFO : EventManager : Event: ======'clear'====== Args={'key': 'game'}
2026-06-15 00:41:43,679 : INFO : SwitchController : <<<<<<< 's_slingshot_right' active >>>>>>>
2026-06-15 00:41:43,727 : INFO : SwitchController : <<<<<<< 's_slingshot_right' inactive >>>>>>>
2026-06-15 00:41:43,901 : INFO : SwitchController : <<<<<<< 's_slingshot_right' active >>>>>>>
2026-06-15 00:41:43,980 : INFO : SwitchController : <<<<<<< 's_slingshot_right' inactive >>>>>>>
2026-06-15 00:41:44,140 : INFO : SwitchController : <<<<<<< 's_slingshot_right' active >>>>>>>
2026-06-15 00:41:44,204 : INFO : SwitchController : <<<<<<< 's_slingshot_right' inactive >>>>>>>
2026-06-15 00:41:48,245 : INFO : SwitchController : <<<<<<< 's_left_flipper' active >>>>>>>
2026-06-15 00:41:48,497 : INFO : SwitchController : <<<<<<< 's_left_flipper' inactive >>>>>>>
2026-06-15 00:41:48,719 : INFO : SwitchController : <<<<<<< 's_left_flipper' active >>>>>>>
2026-06-15 00:41:48,879 : INFO : SwitchController : <<<<<<< 's_left_flipper' inactive >>>>>>>
2026-06-15 00:41:49,211 : INFO : SwitchController : <<<<<<< 's_left_flipper' active >>>>>>>
2026-06-15 00:41:49,370 : INFO : SwitchController : <<<<<<< 's_left_flipper' inactive >>>>>>>
2026-06-15 00:41:50,402 : INFO : SwitchController : <<<<<<< 's_right_flipper' active >>>>>>>
2026-06-15 00:41:50,641 : INFO : SwitchController : <<<<<<< 's_right_flipper' inactive >>>>>>>
2026-06-15 00:41:50,957 : INFO : SwitchController : <<<<<<< 's_right_flipper' active >>>>>>>
2026-06-15 00:41:51,130 : INFO : SwitchController : <<<<<<< 's_right_flipper' inactive >>>>>>>
2026-06-15 00:41:52,842 : INFO : SwitchController : <<<<<<< 's_start' active >>>>>>>
2026-06-15 00:41:53,001 : INFO : SwitchController : <<<<<<< 's_start' inactive >>>>>>>
2026-06-15 00:41:53,002 : INFO : EventManager : Event: ======'request_to_start_game'====== Args={}
2026-06-15 00:41:53,002 : INFO : EventManager : Event: ======'game_start'====== Args={'buttons': [], 'hold_time': 0.1596682999515906}
2026-06-15 00:41:53,002 : INFO : EventManager : Event: ======'mode_game_will_start'====== Args={'buttons': [], 'hold_time': 0.1596682999515906}
2026-06-15 00:41:53,003 : INFO : EventManager : Event: ======'mode_game_starting'====== Args={'buttons': [], 'hold_time': 0.1596682999515906}
2026-06-15 00:41:53,003 : INFO : EventManager : Event: ======'mode_attract_will_stop'====== Args={}
2026-06-15 00:41:53,004 : INFO : EventManager : Event: ======'mode_attract_stopping'====== Args={}
2026-06-15 00:41:53,004 : INFO : Mode.attract : Stopped.
2026-06-15 00:41:53,004 : INFO : EventManager : Event: ======'modes_active_modes_changed'====== Args={}
2026-06-15 00:41:53,004 : INFO : EventManager : Event: ======'mode_attract_stopped'====== Args={}
2026-06-15 00:41:53,005 : INFO : EventManager : Event: ======'clear'====== Args={'key': 'attract'}
2026-06-15 00:41:53,005 : INFO : Mode.game : Started. Priority: 20
2026-06-15 00:41:53,005 : INFO : EventManager : Event: ======'modes_active_modes_changed'====== Args={}
2026-06-15 00:41:53,005 : INFO : EventManager : Event: ======'mode_game_started'====== Args={'buttons': [], 'hold_time': 0.1596682999515906}
2026-06-15 00:41:53,006 : INFO : EventManager : Event: ======'game_will_start'====== Args={}
2026-06-15 00:41:53,007 : INFO : EventManager : Event: ======'game_starting'====== Args={'game': <Mode.game>}
2026-06-15 00:41:53,009 : INFO : EventManager : Unordered handler for class <Auditor> on event game_ended with priority 1. Handlers: [RegisteredHandler(callback=<bound method Auditor.disable of <Auditor>>, priority=1, kwargs={}, key=UUID('aecfc493-aa91-4e5d-bb48-5aa69a784001'), condition=None, blocking_facility=None), RegisteredHandler(callback=<bound method Auditor._save_audits of <Auditor>>, priority=1, kwargs={}, key=UUID('1cc59677-0a1c-4556-bb8a-6d9a99bf7d7a'), condition=None, blocking_facility=None)]. The order of those handlers is not defined and they will be executed in random order. This might lead to race conditions and potential bugs.
2026-06-15 00:41:53,010 : INFO : EventManager : Event: ======'player_add_request'====== Args={}
2026-06-15 00:41:53,010 : INFO : EventManager : Event: ======'player_will_add'====== Args={'number': 1}
2026-06-15 00:41:53,011 : INFO : EventManager : Event: ======'player_adding'====== Args={'player': <Player 1>, 'number': 1}
2026-06-15 00:41:53,012 : INFO : EventManager : Event: ======'player_added'====== Args={'player': <Player 1>, 'num': 1}
2026-06-15 00:41:53,012 : INFO : Mode.game : Player added successfully. Total players: 1
2026-06-15 00:41:53,012 : INFO : EventManager : Event: ======'player_index'====== Args={'value': 0, 'prev_value': 0, 'change': 0, 'player_num': 1}
2026-06-15 00:41:53,012 : INFO : EventManager : Event: ======'player_number'====== Args={'value': 1, 'prev_value': 1, 'change': 0, 'player_num': 1}
2026-06-15 00:41:53,012 : INFO : EventManager : Event: ======'player_score'====== Args={'value': 0, 'prev_value': 0, 'change': 0, 'player_num': 1}
2026-06-15 00:41:53,013 : INFO : EventManager : Event: ======'game_started'====== Args={}
2026-06-15 00:41:53,013 : INFO : EventManager : Event: ======'player_turn_will_start'====== Args={'player': <Player 1>, 'number': 1}
2026-06-15 00:41:53,015 : INFO : EventManager : Event: ======'player_turn_starting'====== Args={'player': <Player 1>, 'number': 1}
2026-06-15 00:41:53,017 : INFO : EventManager : Event: ======'player_ball'====== Args={'value': 1, 'prev_value': 0, 'change': 1, 'player_num': 1}
2026-06-15 00:41:53,017 : INFO : EventManager : Event: ======'player_turn_started'====== Args={'player': <Player 1>, 'number': 1}
2026-06-15 00:41:53,018 : INFO : EventManager : Event: ======'ball_will_start'====== Args={'player': 1, 'ball': 1, 'balls_remaining': 2, 'is_extra_ball': False}
2026-06-15 00:41:53,030 : INFO : EventManager : Event: ======'ball_starting'====== Args={'player': 1, 'ball': 1, 'balls_remaining': 2, 'is_extra_ball': False}
2026-06-15 00:41:53,031 : INFO : EventManager : Event: ======'balls_in_play'====== Args={'balls': 1}
2026-06-15 00:41:53,031 : INFO : EventManager : Event: ======'ball_started'====== Args={'player': 1, 'ball': 1, 'balls_remaining': 2, 'is_extra_ball': False}
2026-06-15 00:41:53,032 : INFO : EventManager : Event: ======'single_player_ball_started'====== Args={}
2026-06-15 00:41:53,033 : INFO : EventManager : Event: ======'ball_start_target'====== Args={'target': 'playfield'}
2026-06-15 00:41:53,035 : INFO : ball_device.bd_trough : Setting up player-controlled eject. Balls: 1, Target: <playfield.playfield>, player_controlled_eject_event: None
2026-06-15 00:41:53,035 : INFO : ball_device.bd_trough : Adding 1 ball(s) to the eject_queue with target <playfield.playfield>.
2026-06-15 00:41:53,036 : INFO : EventManager : Event: ======'balldevice_balls_available'====== Args={}
2026-06-15 00:41:53,039 : INFO : ball_device.bd_trough : State: waiting_for_target_ready
2026-06-15 00:41:53,039 : INFO : EventManager : Event: ======'balldevice_bd_trough_ball_eject_attempt'====== Args={'balls': 1, 'target': <ball_device.bd_plunger>, 'source': <ball_device.bd_trough>, 'mechanical_eject': False, 'num_attempts': 0}
2026-06-15 00:41:53,039 : INFO : ball_device.bd_plunger : State: waiting_for_ball
2026-06-15 00:41:53,040 : INFO : ball_device.bd_trough : State: ejecting
2026-06-15 00:41:53,041 : INFO : ball_device.bd_trough : Ejecting ball to <ball_device.bd_plunger>
2026-06-15 00:41:53,041 : INFO : EventManager : Event: ======'balldevice_bd_trough_ejecting_ball'====== Args={'balls': 1, 'target': <ball_device.bd_plunger>, 'source': <ball_device.bd_trough>, 'mechanical_eject': False, 'num_attempts': 0}
2026-06-15 00:41:53,042 : INFO : ball_device.bd_trough : Wait for ball to leave device
2026-06-15 00:41:53,042 : INFO : coil.c_trough_eject_coil : Pulsing Driver for 20ms (1.0 pulse_power)
2026-06-15 00:41:53,081 : INFO : SwitchController : <<<<<<< 's_trough_ball_1' inactive >>>>>>>
2026-06-15 00:41:53,082 : INFO : ball_device.bd_trough : State: ball_left
2026-06-15 00:41:53,083 : INFO : ball_device.bd_trough : Ball left
2026-06-15 00:41:53,083 : INFO : ball_device.bd_trough : Wait for confirm with timeout 2.0
2026-06-15 00:41:53,255 : INFO : SwitchController : <<<<<<< 's_plunger' active >>>>>>>
2026-06-15 00:41:53,255 : INFO : EventManager : Event: ======'machine_var_audits_switches_s_plunger'====== Args={'value': 9, 'prev_value': 8, 'change': 1}
2026-06-15 00:41:53,761 : INFO : ball_device.bd_plunger : Received ball from <ball_device.bd_trough>
2026-06-15 00:41:53,761 : INFO : EventManager : Event: ======'balldevice_bd_plunger_ball_enter'====== Args={'new_balls': 1, 'unclaimed_balls': 0, 'new_available_balls': 0, 'device': <ball_device.bd_plunger>}
2026-06-15 00:41:53,762 : INFO : EventManager : Event: ======'balldevice_bd_plunger_ball_entered'====== Args={'new_balls': 0, 'device': <ball_device.bd_plunger>}
2026-06-15 00:41:53,762 : INFO : EventManager : Event: ======'balldevice_bd_plunger_ball_count_changed'====== Args={'balls': 1}
2026-06-15 00:41:53,762 : INFO : ball_device.bd_trough : Got eject confirm
2026-06-15 00:41:53,762 : INFO : ball_device.bd_trough : Eject successful
2026-06-15 00:41:53,763 : INFO : EventManager : Event: ======'balldevice_bd_trough_ball_eject_success'====== Args={'balls': 1, 'target': <ball_device.bd_plunger>}
2026-06-15 00:41:53,763 : INFO : ball_device.bd_plunger : State: waiting_for_target_ready
2026-06-15 00:41:53,764 : INFO : EventManager : Event: ======'balldevice_bd_plunger_ball_eject_attempt'====== Args={'balls': 1, 'target': <playfield.playfield>, 'source': <ball_device.bd_plunger>, 'mechanical_eject': False, 'num_attempts': 0}
2026-06-15 00:41:53,764 : INFO : EventManager : Event: ======'balldevice_bd_trough_ball_count_changed'====== Args={'balls': 0}
2026-06-15 00:41:53,764 : INFO : ball_device.bd_trough : State: idle
2026-06-15 00:41:53,765 : INFO : ball_device.bd_plunger : State: ejecting
2026-06-15 00:41:53,765 : INFO : ball_device.bd_plunger : Ejecting ball to <playfield.playfield>
2026-06-15 00:41:53,765 : INFO : EventManager : Event: ======'balldevice_bd_plunger_ejecting_ball'====== Args={'balls': 1, 'target': <playfield.playfield>, 'source': <ball_device.bd_plunger>, 'mechanical_eject': False, 'num_attempts': 0}
2026-06-15 00:41:53,767 : INFO : ball_device.bd_plunger : Wait for ball to leave device
2026-06-15 00:41:55,991 : INFO : SwitchController : <<<<<<< 's_left_flipper' active >>>>>>>
2026-06-15 00:41:55,992 : INFO : EventManager : Event: ======'machine_var_audits_switches_s_left_flipper'====== Args={'value': 3, 'prev_value': 2, 'change': 1}
2026-06-15 00:41:56,198 : INFO : SwitchController : <<<<<<< 's_left_flipper' inactive >>>>>>>
2026-06-15 00:41:58,772 : INFO : EventManager : Event: ======'balldevice_bd_plunger_ball_eject_failed'====== Args={'target': <playfield.playfield>, 'balls': 1, 'retry': True, 'num_attempts': 1}
2026-06-15 00:41:58,774 : INFO : ball_device.bd_plunger : State: waiting_for_target_ready
2026-06-15 00:41:58,775 : INFO : EventManager : Event: ======'balldevice_bd_plunger_ball_eject_attempt'====== Args={'balls': 1, 'target': <playfield.playfield>, 'source': <ball_device.bd_plunger>, 'mechanical_eject': False, 'num_attempts': 1}
2026-06-15 00:41:58,775 : INFO : ball_device.bd_plunger : State: ejecting
2026-06-15 00:41:58,775 : INFO : ball_device.bd_plunger : Ejecting ball to <playfield.playfield>
2026-06-15 00:41:58,775 : INFO : EventManager : Event: ======'balldevice_bd_plunger_ejecting_ball'====== Args={'balls': 1, 'target': <playfield.playfield>, 'source': <ball_device.bd_plunger>, 'mechanical_eject': False, 'num_attempts': 1}
2026-06-15 00:41:58,776 : INFO : ball_device.bd_plunger : Wait for ball to leave device
2026-06-15 00:41:58,850 : INFO : SwitchController : <<<<<<< 's_right_flipper' active >>>>>>>
2026-06-15 00:41:58,851 : INFO : EventManager : Event: ======'machine_var_audits_switches_s_right_flipper'====== Args={'value': 3, 'prev_value': 2, 'change': 1}
2026-06-15 00:41:59,071 : INFO : SwitchController : <<<<<<< 's_right_flipper' inactive >>>>>>>
2026-06-15 00:41:59,562 : INFO : SwitchController : <<<<<<< 's_right_flipper' active >>>>>>>
2026-06-15 00:41:59,562 : INFO : EventManager : Event: ======'machine_var_audits_switches_s_right_flipper'====== Args={'value': 4, 'prev_value': 3, 'change': 1}
2026-06-15 00:41:59,783 : INFO : SwitchController : <<<<<<< 's_right_flipper' inactive >>>>>>>
2026-06-15 00:42:00,402 : INFO : SwitchController : <<<<<<< 's_right_flipper' active >>>>>>>
2026-06-15 00:42:00,402 : INFO : EventManager : Event: ======'machine_var_audits_switches_s_right_flipper'====== Args={'value': 5, 'prev_value': 4, 'change': 1}
2026-06-15 00:42:00,657 : INFO : SwitchController : <<<<<<< 's_right_flipper' inactive >>>>>>>
2026-06-15 00:42:01,245 : INFO : SwitchController : <<<<<<< 's_right_flipper' active >>>>>>>
2026-06-15 00:42:01,245 : INFO : EventManager : Event: ======'machine_var_audits_switches_s_right_flipper'====== Args={'value': 6, 'prev_value': 5, 'change': 1}
2026-06-15 00:42:01,562 : INFO : SwitchController : <<<<<<< 's_right_flipper' inactive >>>>>>>
2026-06-15 00:42:02,116 : INFO : SwitchController : <<<<<<< 's_right_flipper' active >>>>>>>
2026-06-15 00:42:02,117 : INFO : EventManager : Event: ======'machine_var_audits_switches_s_right_flipper'====== Args={'value': 7, 'prev_value': 6, 'change': 1}
2026-06-15 00:42:02,324 : INFO : SwitchController : <<<<<<< 's_right_flipper' inactive >>>>>>>
2026-06-15 00:42:03,783 : INFO : EventManager : Event: ======'balldevice_bd_plunger_ball_eject_failed'====== Args={'target': <playfield.playfield>, 'balls': 1, 'retry': True, 'num_attempts': 2}
2026-06-15 00:42:03,785 : INFO : ball_device.bd_plunger : State: waiting_for_target_ready
2026-06-15 00:42:03,786 : INFO : EventManager : Event: ======'balldevice_bd_plunger_ball_eject_attempt'====== Args={'balls': 1, 'target': <playfield.playfield>, 'source': <ball_device.bd_plunger>, 'mechanical_eject': False, 'num_attempts': 2}
2026-06-15 00:42:03,787 : INFO : ball_device.bd_plunger : State: ejecting
2026-06-15 00:42:03,787 : INFO : ball_device.bd_plunger : Ejecting ball to <playfield.playfield>
2026-06-15 00:42:03,787 : INFO : EventManager : Event: ======'balldevice_bd_plunger_ejecting_ball'====== Args={'balls': 1, 'target': <playfield.playfield>, 'source': <ball_device.bd_plunger>, 'mechanical_eject': False, 'num_attempts': 2}
2026-06-15 00:42:03,790 : INFO : ball_device.bd_plunger : Wait for ball to leave device
2026-06-15 00:42:06,087 : INFO : SwitchController : <<<<<<< 's_plunger' inactive >>>>>>>
2026-06-15 00:42:06,089 : INFO : ball_device.bd_plunger : State: ball_left
2026-06-15 00:42:06,089 : INFO : ball_device.bd_plunger : Ball left
2026-06-15 00:42:06,090 : INFO : ball_device.bd_plunger : Wait for confirm with timeout 5.0
2026-06-15 00:42:06,833 : INFO : SwitchController : <<<<<<< 's_right_outlane' active >>>>>>>
2026-06-15 00:42:06,833 : INFO : EventManager : Event: ======'machine_var_audits_switches_s_right_outlane'====== Args={'value': 14, 'prev_value': 13, 'change': 1}
2026-06-15 00:42:07,039 : INFO : SwitchController : <<<<<<< 's_right_outlane' inactive >>>>>>>
2026-06-15 00:42:07,167 : INFO : SwitchController : <<<<<<< 's_right_outlane' active >>>>>>>
2026-06-15 00:42:07,168 : INFO : EventManager : Event: ======'machine_var_audits_switches_s_right_outlane'====== Args={'value': 15, 'prev_value': 14, 'change': 1}
2026-06-15 00:42:07,295 : INFO : SwitchController : <<<<<<< 's_right_outlane' inactive >>>>>>>
2026-06-15 00:42:10,229 : INFO : SwitchController : <<<<<<< 's_trough_ball_6' active >>>>>>>
2026-06-15 00:42:10,230 : INFO : EventManager : Event: ======'machine_var_audits_switches_s_trough_ball_6'====== Args={'value': 7, 'prev_value': 6, 'change': 1}
2026-06-15 00:42:10,324 : INFO : SwitchController : <<<<<<< 's_trough_ball_6' inactive >>>>>>>
2026-06-15 00:42:10,340 : INFO : SwitchController : <<<<<<< 's_trough_ball_5' active >>>>>>>
2026-06-15 00:42:10,341 : INFO : EventManager : Event: ======'machine_var_audits_switches_s_trough_ball_5'====== Args={'value': 7, 'prev_value': 6, 'change': 1}
2026-06-15 00:42:10,404 : INFO : SwitchController : <<<<<<< 's_trough_ball_5' inactive >>>>>>>
2026-06-15 00:42:10,404 : INFO : SwitchController : <<<<<<< 's_trough_ball_4' active >>>>>>>
2026-06-15 00:42:10,404 : INFO : EventManager : Event: ======'machine_var_audits_switches_s_trough_ball_4'====== Args={'value': 7, 'prev_value': 6, 'change': 1}
2026-06-15 00:42:10,477 : INFO : SwitchController : <<<<<<< 's_trough_ball_4' inactive >>>>>>>
2026-06-15 00:42:10,478 : INFO : SwitchController : <<<<<<< 's_trough_ball_3' active >>>>>>>
2026-06-15 00:42:10,478 : INFO : EventManager : Event: ======'machine_var_audits_switches_s_trough_ball_3'====== Args={'value': 7, 'prev_value': 6, 'change': 1}
2026-06-15 00:42:10,531 : INFO : SwitchController : <<<<<<< 's_trough_ball_3' inactive >>>>>>>
2026-06-15 00:42:10,532 : INFO : SwitchController : <<<<<<< 's_trough_ball_2' active >>>>>>>
2026-06-15 00:42:10,532 : INFO : EventManager : Event: ======'machine_var_audits_switches_s_trough_ball_2'====== Args={'value': 19, 'prev_value': 18, 'change': 1}
2026-06-15 00:42:10,578 : INFO : SwitchController : <<<<<<< 's_trough_ball_2' inactive >>>>>>>
2026-06-15 00:42:10,579 : INFO : SwitchController : <<<<<<< 's_trough_ball_1' active >>>>>>>
2026-06-15 00:42:10,579 : INFO : EventManager : Event: ======'machine_var_audits_switches_s_trough_ball_1'====== Args={'value': 91, 'prev_value': 90, 'change': 1}
2026-06-15 00:42:10,642 : INFO : SwitchController : <<<<<<< 's_trough_ball_1' inactive >>>>>>>
2026-06-15 00:42:10,659 : INFO : SwitchController : <<<<<<< 's_trough_ball_1' active >>>>>>>
2026-06-15 00:42:10,660 : INFO : EventManager : Event: ======'machine_var_audits_switches_s_trough_ball_1'====== Args={'value': 92, 'prev_value': 91, 'change': 1}
2026-06-15 00:42:11,104 : INFO : ball_device.bd_plunger : State: failed_confirm
2026-06-15 00:42:11,105 : INFO : ball_device.bd_plunger : Got timeout (5.0s) before confirm from <playfield.playfield>
2026-06-15 00:42:11,169 : INFO : EventManager : Event: ======'balldevice_bd_trough_ball_count_changed'====== Args={'balls': 1}
2026-06-15 00:42:11,169 : INFO : ball_device.bd_trough : Received unexpected ball
2026-06-15 00:42:11,170 : INFO : EventManager : Event: ======'balldevice_captured_from_playfield'====== Args={'balls': 1}
2026-06-15 00:42:11,170 : INFO : EventManager : Event: ======'sw_playfield_active'====== Args={'balls': 1}
2026-06-15 00:42:11,171 : INFO : EventManager : Event: ======'playfield_active'====== Args={'source': None}
2026-06-15 00:42:11,171 : INFO : EventManager : Event: ======'playfield_ball_count_change'====== Args={'balls': -1, 'change': -1}
2026-06-15 00:42:11,173 : INFO : EventManager : Event: ======'balldevice_bd_trough_ball_enter'====== Args={'new_balls': 1, 'unclaimed_balls': 1, 'new_available_balls': 1, 'device': <ball_device.bd_trough>}
2026-06-15 00:42:11,174 : INFO : EventManager : Event: ======'ball_drain'====== Args={'device': <ball_device.bd_trough>, 'balls': 1}
2026-06-15 00:42:11,174 : INFO : EventManager : Event: ======'ball_will_end'====== Args={}
2026-06-15 00:42:11,174 : INFO : EventManager : Event: ======'balldevice_balls_available'====== Args={}
2026-06-15 00:42:11,174 : INFO : EventManager : Event: ======'balldevice_bd_trough_ball_entered'====== Args={'new_balls': 1, 'device': <ball_device.bd_trough>}
2026-06-15 00:42:11,177 : INFO : EventManager : Event: ======'ball_ending'====== Args={}
2026-06-15 00:42:11,177 : INFO : EventManager : Event: ======'ball_ended'====== Args={}
2026-06-15 00:42:11,179 : INFO : EventManager : Event: ======'player_turn_will_end'====== Args={'player': <Player 1>, 'number': 1}
2026-06-15 00:42:11,181 : INFO : EventManager : Event: ======'player_turn_ending'====== Args={'player': <Player 1>, 'number': 1}
2026-06-15 00:42:11,181 : INFO : EventManager : Event: ======'player_turn_ended'====== Args={'player': <Player 1>, 'number': 1}
2026-06-15 00:42:11,182 : INFO : EventManager : Event: ======'player_turn_will_start'====== Args={'player': <Player 1>, 'number': 1}
2026-06-15 00:42:11,182 : INFO : EventManager : Event: ======'player_turn_starting'====== Args={'player': <Player 1>, 'number': 1}
2026-06-15 00:42:11,183 : INFO : EventManager : Event: ======'player_ball'====== Args={'value': 2, 'prev_value': 1, 'change': 1, 'player_num': 1}
2026-06-15 00:42:11,183 : INFO : EventManager : Event: ======'player_turn_started'====== Args={'player': <Player 1>, 'number': 1}
2026-06-15 00:42:11,183 : INFO : EventManager : Event: ======'ball_will_start'====== Args={'player': 1, 'ball': 2, 'balls_remaining': 1, 'is_extra_ball': False}
2026-06-15 00:42:11,184 : INFO : EventManager : Event: ======'ball_starting'====== Args={'player': 1, 'ball': 2, 'balls_remaining': 1, 'is_extra_ball': False}
2026-06-15 00:42:11,184 : INFO : EventManager : Event: ======'balls_in_play'====== Args={'balls': 1}
2026-06-15 00:42:11,184 : INFO : EventManager : Event: ======'ball_started'====== Args={'player': 1, 'ball': 2, 'balls_remaining': 1, 'is_extra_ball': False}
2026-06-15 00:42:11,185 : INFO : EventManager : Event: ======'single_player_ball_started'====== Args={}
2026-06-15 00:42:11,186 : INFO : EventManager : Event: ======'ball_start_target'====== Args={'target': 'playfield'}
2026-06-15 00:42:11,188 : INFO : ball_device.bd_trough : Setting up player-controlled eject. Balls: 1, Target: <playfield.playfield>, player_controlled_eject_event: None
2026-06-15 00:42:11,188 : INFO : ball_device.bd_trough : Adding 1 ball(s) to the eject_queue with target <playfield.playfield>.
2026-06-15 00:42:11,188 : INFO : EventManager : Event: ======'balldevice_balls_available'====== Args={}
2026-06-15 00:42:11,191 : INFO : ball_device.bd_trough : State: waiting_for_target_ready
2026-06-15 00:42:11,191 : INFO : EventManager : Event: ======'balldevice_bd_trough_ball_eject_attempt'====== Args={'balls': 1, 'target': <ball_device.bd_plunger>, 'source': <ball_device.bd_trough>, 'mechanical_eject': False, 'num_attempts': 0}
2026-06-15 00:42:11,216 : INFO : ball_device.bd_plunger : Confirming eject because target is playfield and ball did not return.
2026-06-15 00:42:11,216 : INFO : ball_device.bd_plunger : Eject successful
2026-06-15 00:42:11,217 : INFO : EventManager : Event: ======'balldevice_bd_plunger_ball_eject_success'====== Args={'balls': 1, 'target': <playfield.playfield>}
2026-06-15 00:42:11,217 : INFO : EventManager : Event: ======'balldevice_playfield_ball_enter'====== Args={'new_balls': 1, 'unclaimed_balls': 1, 'device': <playfield.playfield>}
2026-06-15 00:42:11,217 : INFO : EventManager : Event: ======'playfield_ball_count_change'====== Args={'balls': 0, 'change': 1}
2026-06-15 00:42:11,219 : INFO : EventManager : Event: ======'balldevice_bd_plunger_ball_count_changed'====== Args={'balls': 0}
2026-06-15 00:42:11,219 : INFO : ball_device.bd_plunger : State: idle
2026-06-15 00:42:11,219 : INFO : ball_device.bd_trough : State: ejecting
2026-06-15 00:42:11,219 : INFO : ball_device.bd_trough : Ejecting ball to <ball_device.bd_plunger>
2026-06-15 00:42:11,219 : INFO : EventManager : Event: ======'balldevice_bd_trough_ejecting_ball'====== Args={'balls': 1, 'target': <ball_device.bd_plunger>, 'source': <ball_device.bd_trough>, 'mechanical_eject': False, 'num_attempts': 0}
2026-06-15 00:42:11,221 : INFO : ball_device.bd_trough : Wait for ball to leave device
2026-06-15 00:42:11,221 : INFO : coil.c_trough_eject_coil : Pulsing Driver for 20ms (1.0 pulse_power)
2026-06-15 00:42:11,221 : INFO : ball_device.bd_plunger : State: waiting_for_ball
2026-06-15 00:42:11,253 : INFO : SwitchController : <<<<<<< 's_trough_ball_1' inactive >>>>>>>
2026-06-15 00:42:11,254 : INFO : ball_device.bd_trough : State: ball_left
2026-06-15 00:42:11,254 : INFO : ball_device.bd_trough : Ball left
2026-06-15 00:42:11,254 : INFO : ball_device.bd_trough : Wait for confirm with timeout 2.0
2026-06-15 00:42:13,259 : INFO : ball_device.bd_trough : State: failed_confirm
2026-06-15 00:42:13,259 : INFO : ball_device.bd_trough : Got timeout (2.0s) before confirm from <ball_device.bd_plunger>
2026-06-15 00:42:13,261 : INFO : ball_device.bd_plunger : Expecting incoming ball which may skip the device.
2026-06-15 00:42:13,262 : INFO : EventManager : Event: ======'balldevice_bd_plunger_ejecting_ball'====== Args={'balls': 1, 'target': <playfield.playfield>, 'source': <ball_device.bd_plunger>, 'mechanical_eject': False, 'num_attempts': 1}
2026-06-15 00:42:18,277 : INFO : ball_device.bd_plunger : Got confirm for skipping ball.
2026-06-15 00:42:18,277 : INFO : ball_device.bd_plunger : Eject successful
2026-06-15 00:42:18,277 : INFO : EventManager : Event: ======'balldevice_bd_plunger_ball_eject_success'====== Args={'balls': 1, 'target': <playfield.playfield>}
2026-06-15 00:42:18,278 : INFO : EventManager : Event: ======'balldevice_playfield_ball_enter'====== Args={'new_balls': 1, 'unclaimed_balls': 1, 'device': <playfield.playfield>}
2026-06-15 00:42:18,278 : INFO : EventManager : Event: ======'playfield_ball_count_change'====== Args={'balls': 1, 'change': 1}
2026-06-15 00:42:18,278 : INFO : ball_device.bd_plunger : State: idle
2026-06-15 00:42:18,279 : INFO : ball_device.bd_trough : Eject successful
2026-06-15 00:42:18,279 : INFO : EventManager : Event: ======'balldevice_bd_trough_ball_eject_success'====== Args={'balls': 1, 'target': <ball_device.bd_plunger>}
2026-06-15 00:42:18,279 : INFO : EventManager : Event: ======'balldevice_bd_trough_ball_count_changed'====== Args={'balls': 0}
2026-06-15 00:42:18,279 : INFO : ball_device.bd_trough : State: idle
2026-06-15 00:42:28,302 : INFO : SwitchController : <<<<<<< 's_right_outlane' active >>>>>>>
2026-06-15 00:42:28,303 : INFO : EventManager : Event: ======'machine_var_audits_switches_s_right_outlane'====== Args={'value': 16, 'prev_value': 15, 'change': 1}
2026-06-15 00:42:28,573 : INFO : SwitchController : <<<<<<< 's_right_outlane' inactive >>>>>>>
2026-06-15 00:42:29,685 : INFO : SwitchController : <<<<<<< 's_trough_ball_6' active >>>>>>>
2026-06-15 00:42:29,685 : INFO : EventManager : Event: ======'machine_var_audits_switches_s_trough_ball_6'====== Args={'value': 8, 'prev_value': 7, 'change': 1}
2026-06-15 00:42:29,797 : INFO : SwitchController : <<<<<<< 's_trough_ball_6' inactive >>>>>>>
2026-06-15 00:42:29,797 : INFO : SwitchController : <<<<<<< 's_trough_ball_5' active >>>>>>>
2026-06-15 00:42:29,798 : INFO : EventManager : Event: ======'machine_var_audits_switches_s_trough_ball_5'====== Args={'value': 8, 'prev_value': 7, 'change': 1}
2026-06-15 00:42:29,875 : INFO : SwitchController : <<<<<<< 's_trough_ball_5' inactive >>>>>>>
2026-06-15 00:42:29,891 : INFO : SwitchController : <<<<<<< 's_trough_ball_4' active >>>>>>>
2026-06-15 00:42:29,891 : INFO : EventManager : Event: ======'machine_var_audits_switches_s_trough_ball_4'====== Args={'value': 8, 'prev_value': 7, 'change': 1}
2026-06-15 00:42:29,954 : INFO : SwitchController : <<<<<<< 's_trough_ball_4' inactive >>>>>>>
2026-06-15 00:42:29,954 : INFO : SwitchController : <<<<<<< 's_trough_ball_3' active >>>>>>>
2026-06-15 00:42:29,955 : INFO : EventManager : Event: ======'machine_var_audits_switches_s_trough_ball_3'====== Args={'value': 8, 'prev_value': 7, 'change': 1}
2026-06-15 00:42:30,016 : INFO : SwitchController : <<<<<<< 's_trough_ball_3' inactive >>>>>>>
2026-06-15 00:42:30,017 : INFO : SwitchController : <<<<<<< 's_trough_ball_2' active >>>>>>>
2026-06-15 00:42:30,017 : INFO : EventManager : Event: ======'machine_var_audits_switches_s_trough_ball_2'====== Args={'value': 20, 'prev_value': 19, 'change': 1}
2026-06-15 00:42:30,064 : INFO : SwitchController : <<<<<<< 's_trough_ball_2' inactive >>>>>>>
2026-06-15 00:42:30,064 : INFO : SwitchController : <<<<<<< 's_trough_ball_1' active >>>>>>>
2026-06-15 00:42:30,065 : INFO : EventManager : Event: ======'machine_var_audits_switches_s_trough_ball_1'====== Args={'value': 93, 'prev_value': 92, 'change': 1}
2026-06-15 00:42:30,573 : INFO : EventManager : Event: ======'balldevice_bd_trough_ball_count_changed'====== Args={'balls': 1}
2026-06-15 00:42:30,573 : INFO : ball_device.bd_trough : Received unexpected ball
2026-06-15 00:42:30,573 : INFO : EventManager : Event: ======'balldevice_captured_from_playfield'====== Args={'balls': 1}
2026-06-15 00:42:30,574 : INFO : EventManager : Event: ======'sw_playfield_active'====== Args={'balls': 1}
2026-06-15 00:42:30,574 : INFO : EventManager : Event: ======'playfield_ball_count_change'====== Args={'balls': 0, 'change': -1}
2026-06-15 00:42:30,574 : INFO : EventManager : Event: ======'balldevice_bd_trough_ball_enter'====== Args={'new_balls': 1, 'unclaimed_balls': 1, 'new_available_balls': 1, 'device': <ball_device.bd_trough>}
2026-06-15 00:42:30,575 : INFO : EventManager : Event: ======'ball_drain'====== Args={'device': <ball_device.bd_trough>, 'balls': 1}
2026-06-15 00:42:30,576 : INFO : EventManager : Event: ======'ball_will_end'====== Args={}
2026-06-15 00:42:30,577 : INFO : EventManager : Event: ======'balldevice_balls_available'====== Args={}
2026-06-15 00:42:30,577 : INFO : EventManager : Event: ======'balldevice_bd_trough_ball_entered'====== Args={'new_balls': 1, 'device': <ball_device.bd_trough>}
2026-06-15 00:42:30,577 : INFO : EventManager : Event: ======'ball_ending'====== Args={}
2026-06-15 00:42:30,581 : INFO : EventManager : Event: ======'ball_ended'====== Args={}
2026-06-15 00:42:30,583 : INFO : EventManager : Event: ======'player_turn_will_end'====== Args={'player': <Player 1>, 'number': 1}
2026-06-15 00:42:30,583 : INFO : EventManager : Event: ======'player_turn_ending'====== Args={'player': <Player 1>, 'number': 1}
2026-06-15 00:42:30,584 : INFO : EventManager : Event: ======'player_turn_ended'====== Args={'player': <Player 1>, 'number': 1}
2026-06-15 00:42:30,585 : INFO : EventManager : Event: ======'player_turn_will_start'====== Args={'player': <Player 1>, 'number': 1}
2026-06-15 00:42:30,586 : INFO : EventManager : Event: ======'player_turn_starting'====== Args={'player': <Player 1>, 'number': 1}
2026-06-15 00:42:30,586 : INFO : EventManager : Event: ======'player_ball'====== Args={'value': 3, 'prev_value': 2, 'change': 1, 'player_num': 1}
2026-06-15 00:42:30,586 : INFO : EventManager : Event: ======'player_turn_started'====== Args={'player': <Player 1>, 'number': 1}
2026-06-15 00:42:30,586 : INFO : EventManager : Event: ======'ball_will_start'====== Args={'player': 1, 'ball': 3, 'balls_remaining': 0, 'is_extra_ball': False}
2026-06-15 00:42:30,587 : INFO : EventManager : Event: ======'ball_starting'====== Args={'player': 1, 'ball': 3, 'balls_remaining': 0, 'is_extra_ball': False}
2026-06-15 00:42:30,590 : INFO : EventManager : Event: ======'balls_in_play'====== Args={'balls': 1}
2026-06-15 00:42:30,590 : INFO : EventManager : Event: ======'ball_started'====== Args={'player': 1, 'ball': 3, 'balls_remaining': 0, 'is_extra_ball': False}
2026-06-15 00:42:30,592 : INFO : EventManager : Event: ======'single_player_ball_started'====== Args={}
2026-06-15 00:42:30,596 : INFO : EventManager : Event: ======'ball_start_target'====== Args={'target': 'playfield'}
2026-06-15 00:42:30,597 : INFO : ball_device.bd_trough : Setting up player-controlled eject. Balls: 1, Target: <playfield.playfield>, player_controlled_eject_event: None
2026-06-15 00:42:30,597 : INFO : ball_device.bd_trough : Adding 1 ball(s) to the eject_queue with target <playfield.playfield>.
2026-06-15 00:42:30,597 : INFO : EventManager : Event: ======'balldevice_balls_available'====== Args={}
2026-06-15 00:42:30,599 : INFO : ball_device.bd_trough : State: waiting_for_target_ready
2026-06-15 00:42:30,600 : INFO : EventManager : Event: ======'balldevice_bd_trough_ball_eject_attempt'====== Args={'balls': 1, 'target': <ball_device.bd_plunger>, 'source': <ball_device.bd_trough>, 'mechanical_eject': False, 'num_attempts': 0}
2026-06-15 00:42:30,600 : INFO : ball_device.bd_plunger : State: waiting_for_ball
2026-06-15 00:42:30,600 : INFO : ball_device.bd_trough : State: ejecting
2026-06-15 00:42:30,600 : INFO : ball_device.bd_trough : Ejecting ball to <ball_device.bd_plunger>
2026-06-15 00:42:30,601 : INFO : EventManager : Event: ======'balldevice_bd_trough_ejecting_ball'====== Args={'balls': 1, 'target': <ball_device.bd_plunger>, 'source': <ball_device.bd_trough>, 'mechanical_eject': False, 'num_attempts': 0}
2026-06-15 00:42:30,602 : INFO : ball_device.bd_trough : Wait for ball to leave device
2026-06-15 00:42:30,602 : INFO : coil.c_trough_eject_coil : Pulsing Driver for 20ms (1.0 pulse_power)
2026-06-15 00:42:30,636 : INFO : SwitchController : <<<<<<< 's_trough_ball_1' inactive >>>>>>>
2026-06-15 00:42:30,637 : INFO : ball_device.bd_trough : State: ball_left
2026-06-15 00:42:30,638 : INFO : ball_device.bd_trough : Ball left
2026-06-15 00:42:30,638 : INFO : ball_device.bd_trough : Wait for confirm with timeout 2.0
2026-06-15 00:42:30,884 : INFO : SwitchController : <<<<<<< 's_trough_ball_jam' inactive >>>>>>>
2026-06-15 00:42:30,885 : INFO : SwitchController : <<<<<<< 's_plunger' active >>>>>>>
2026-06-15 00:42:30,885 : INFO : EventManager : Event: ======'machine_var_audits_switches_s_plunger'====== Args={'value': 10, 'prev_value': 9, 'change': 1}
2026-06-15 00:42:31,393 : INFO : ball_device.bd_plunger : Received ball from <ball_device.bd_trough>
2026-06-15 00:42:31,393 : INFO : EventManager : Event: ======'balldevice_bd_plunger_ball_enter'====== Args={'new_balls': 1, 'unclaimed_balls': 0, 'new_available_balls': 0, 'device': <ball_device.bd_plunger>}
2026-06-15 00:42:31,393 : INFO : EventManager : Event: ======'balldevice_bd_plunger_ball_entered'====== Args={'new_balls': 0, 'device': <ball_device.bd_plunger>}
2026-06-15 00:42:31,393 : INFO : EventManager : Event: ======'balldevice_bd_plunger_ball_count_changed'====== Args={'balls': 1}
2026-06-15 00:42:31,393 : INFO : ball_device.bd_trough : Got eject confirm
2026-06-15 00:42:31,394 : INFO : ball_device.bd_trough : Eject successful
2026-06-15 00:42:31,394 : INFO : EventManager : Event: ======'balldevice_bd_trough_ball_eject_success'====== Args={'balls': 1, 'target': <ball_device.bd_plunger>}
2026-06-15 00:42:31,394 : INFO : ball_device.bd_plunger : State: waiting_for_target_ready
2026-06-15 00:42:31,394 : INFO : EventManager : Event: ======'balldevice_bd_plunger_ball_eject_attempt'====== Args={'balls': 1, 'target': <playfield.playfield>, 'source': <ball_device.bd_plunger>, 'mechanical_eject': False, 'num_attempts': 0}
2026-06-15 00:42:31,394 : INFO : EventManager : Event: ======'balldevice_bd_trough_ball_count_changed'====== Args={'balls': 0}
2026-06-15 00:42:31,394 : INFO : ball_device.bd_trough : State: idle
2026-06-15 00:42:31,394 : INFO : ball_device.bd_plunger : State: ejecting
2026-06-15 00:42:31,394 : INFO : ball_device.bd_plunger : Ejecting ball to <playfield.playfield>
2026-06-15 00:42:31,395 : INFO : EventManager : Event: ======'balldevice_bd_plunger_ejecting_ball'====== Args={'balls': 1, 'target': <playfield.playfield>, 'source': <ball_device.bd_plunger>, 'mechanical_eject': False, 'num_attempts': 0}
2026-06-15 00:42:31,395 : INFO : ball_device.bd_plunger : Wait for ball to leave device
2026-06-15 00:42:32,201 : INFO : SwitchController : <<<<<<< 's_trough_ball_jam' active >>>>>>>
2026-06-15 00:42:32,201 : INFO : EventManager : Event: ======'machine_var_audits_switches_s_trough_ball_jam'====== Args={'value': 47, 'prev_value': 46, 'change': 1}
2026-06-15 00:42:32,201 : INFO : SwitchController : <<<<<<< 's_plunger' inactive >>>>>>>
2026-06-15 00:42:32,201 : INFO : ball_device.bd_plunger : State: ball_left
2026-06-15 00:42:32,202 : INFO : ball_device.bd_plunger : Ball left
2026-06-15 00:42:32,202 : INFO : ball_device.bd_plunger : Wait for confirm with timeout 5.0
2026-06-15 00:42:33,009 : INFO : SwitchController : <<<<<<< 's_right_outlane' active >>>>>>>
2026-06-15 00:42:33,009 : INFO : EventManager : Event: ======'machine_var_audits_switches_s_right_outlane'====== Args={'value': 17, 'prev_value': 16, 'change': 1}
2026-06-15 00:42:33,199 : INFO : SwitchController : <<<<<<< 's_right_outlane' inactive >>>>>>>
2026-06-15 00:42:33,278 : INFO : SwitchController : <<<<<<< 's_right_outlane' active >>>>>>>
2026-06-15 00:42:33,278 : INFO : EventManager : Event: ======'machine_var_audits_switches_s_right_outlane'====== Args={'value': 18, 'prev_value': 17, 'change': 1}
2026-06-15 00:42:33,390 : INFO : SwitchController : <<<<<<< 's_right_outlane' inactive >>>>>>>
2026-06-15 00:42:34,122 : INFO : SwitchController : <<<<<<< 's_trough_ball_6' active >>>>>>>
2026-06-15 00:42:34,123 : INFO : EventManager : Event: ======'machine_var_audits_switches_s_trough_ball_6'====== Args={'value': 9, 'prev_value': 8, 'change': 1}
2026-06-15 00:42:34,250 : INFO : SwitchController : <<<<<<< 's_trough_ball_6' inactive >>>>>>>
2026-06-15 00:42:34,266 : INFO : SwitchController : <<<<<<< 's_trough_ball_5' active >>>>>>>
2026-06-15 00:42:34,267 : INFO : EventManager : Event: ======'machine_var_audits_switches_s_trough_ball_5'====== Args={'value': 9, 'prev_value': 8, 'change': 1}
2026-06-15 00:42:34,361 : INFO : SwitchController : <<<<<<< 's_trough_ball_5' inactive >>>>>>>
2026-06-15 00:42:34,362 : INFO : SwitchController : <<<<<<< 's_trough_ball_4' active >>>>>>>
2026-06-15 00:42:34,362 : INFO : EventManager : Event: ======'machine_var_audits_switches_s_trough_ball_4'====== Args={'value': 9, 'prev_value': 8, 'change': 1}
2026-06-15 00:42:34,441 : INFO : SwitchController : <<<<<<< 's_trough_ball_4' inactive >>>>>>>
2026-06-15 00:42:34,442 : INFO : SwitchController : <<<<<<< 's_trough_ball_3' active >>>>>>>
2026-06-15 00:42:34,442 : INFO : EventManager : Event: ======'machine_var_audits_switches_s_trough_ball_3'====== Args={'value': 9, 'prev_value': 8, 'change': 1}
2026-06-15 00:42:34,505 : INFO : SwitchController : <<<<<<< 's_trough_ball_3' inactive >>>>>>>
2026-06-15 00:42:34,505 : INFO : SwitchController : <<<<<<< 's_trough_ball_2' active >>>>>>>
2026-06-15 00:42:34,506 : INFO : EventManager : Event: ======'machine_var_audits_switches_s_trough_ball_2'====== Args={'value': 21, 'prev_value': 20, 'change': 1}
2026-06-15 00:42:34,568 : INFO : SwitchController : <<<<<<< 's_trough_ball_2' inactive >>>>>>>
2026-06-15 00:42:34,568 : INFO : SwitchController : <<<<<<< 's_trough_ball_1' active >>>>>>>
2026-06-15 00:42:34,568 : INFO : EventManager : Event: ======'machine_var_audits_switches_s_trough_ball_1'====== Args={'value': 94, 'prev_value': 93, 'change': 1}
2026-06-15 00:42:35,077 : INFO : EventManager : Event: ======'balldevice_bd_trough_ball_count_changed'====== Args={'balls': 1}
2026-06-15 00:42:35,077 : INFO : ball_device.bd_trough : Received unexpected ball
2026-06-15 00:42:35,077 : INFO : EventManager : Event: ======'balldevice_captured_from_playfield'====== Args={'balls': 1}
2026-06-15 00:42:35,077 : INFO : EventManager : Event: ======'sw_playfield_active'====== Args={'balls': 1}
2026-06-15 00:42:35,078 : INFO : EventManager : Event: ======'playfield_active'====== Args={'source': None}
2026-06-15 00:42:35,078 : INFO : EventManager : Event: ======'playfield_ball_count_change'====== Args={'balls': -1, 'change': -1}
2026-06-15 00:42:35,078 : INFO : EventManager : Event: ======'balldevice_bd_trough_ball_enter'====== Args={'new_balls': 1, 'unclaimed_balls': 1, 'new_available_balls': 1, 'device': <ball_device.bd_trough>}
2026-06-15 00:42:35,078 : INFO : EventManager : Event: ======'ball_drain'====== Args={'device': <ball_device.bd_trough>, 'balls': 1}
2026-06-15 00:42:35,079 : INFO : EventManager : Event: ======'ball_will_end'====== Args={}
2026-06-15 00:42:35,079 : INFO : EventManager : Event: ======'balldevice_balls_available'====== Args={}
2026-06-15 00:42:35,079 : INFO : EventManager : Event: ======'balldevice_bd_trough_ball_entered'====== Args={'new_balls': 1, 'device': <ball_device.bd_trough>}
2026-06-15 00:42:35,080 : INFO : EventManager : Event: ======'ball_ending'====== Args={}
2026-06-15 00:42:35,084 : INFO : EventManager : Event: ======'ball_ended'====== Args={}
2026-06-15 00:42:35,084 : INFO : EventManager : Event: ======'player_turn_will_end'====== Args={'player': <Player 1>, 'number': 1}
2026-06-15 00:42:35,084 : INFO : EventManager : Event: ======'player_turn_ending'====== Args={'player': <Player 1>, 'number': 1}
2026-06-15 00:42:35,085 : INFO : EventManager : Event: ======'player_turn_ended'====== Args={'player': <Player 1>, 'number': 1}
2026-06-15 00:42:35,086 : INFO : EventManager : Event: ======'game_will_end'====== Args={}
2026-06-15 00:42:35,086 : INFO : EventManager : Event: ======'game_ending'====== Args={}
2026-06-15 00:42:35,088 : INFO : EventManager : Event: ======'game_ended'====== Args={}
2026-06-15 00:42:35,088 : INFO : EventManager : Event: ======'mode_game_will_stop'====== Args={}
2026-06-15 00:42:35,088 : INFO : EventManager : Event: ======'mode_game_stopping'====== Args={}
2026-06-15 00:42:35,089 : INFO : EventManager : Event: ======'mode_attract_will_start'====== Args={}
2026-06-15 00:42:35,089 : INFO : EventManager : Event: ======'mode_attract_starting'====== Args={}
2026-06-15 00:42:35,090 : INFO : Mode.attract : Started. Priority: 10
2026-06-15 00:42:35,091 : INFO : EventManager : Event: ======'modes_active_modes_changed'====== Args={}
2026-06-15 00:42:35,091 : INFO : EventManager : Event: ======'mode_attract_started'====== Args={}
2026-06-15 00:42:35,092 : INFO : EventManager : Event: ======'collecting_balls_complete'====== Args={}
2026-06-15 00:42:35,092 : INFO : Mode.game : Stopped.
2026-06-15 00:42:35,092 : INFO : EventManager : Event: ======'modes_active_modes_changed'====== Args={}
2026-06-15 00:42:35,093 : INFO : EventManager : Event: ======'mode_game_stopped'====== Args={}
2026-06-15 00:42:35,093 : INFO : EventManager : Event: ======'clear'====== Args={'key': 'game'}
2026-06-15 00:42:37,202 : INFO : ball_device.bd_plunger : State: failed_confirm
2026-06-15 00:42:37,203 : INFO : ball_device.bd_plunger : Got timeout (5.0s) before confirm from <playfield.playfield>
2026-06-15 00:42:37,313 : INFO : ball_device.bd_plunger : Confirming eject because target is playfield and ball did not return.
2026-06-15 00:42:37,314 : INFO : ball_device.bd_plunger : Eject successful
2026-06-15 00:42:37,314 : INFO : EventManager : Event: ======'balldevice_bd_plunger_ball_eject_success'====== Args={'balls': 1, 'target': <playfield.playfield>}
2026-06-15 00:42:37,314 : INFO : EventManager : Event: ======'balldevice_playfield_ball_enter'====== Args={'new_balls': 1, 'unclaimed_balls': 1, 'device': <playfield.playfield>}
2026-06-15 00:42:37,314 : INFO : EventManager : Event: ======'playfield_ball_count_change'====== Args={'balls': 0, 'change': 1}
2026-06-15 00:42:37,315 : INFO : EventManager : Event: ======'balldevice_bd_plunger_ball_count_changed'====== Args={'balls': 0}
2026-06-15 00:42:37,315 : INFO : ball_device.bd_plunger : State: idle
2026-06-15 00:42:50,350 : INFO : Machine : Shutting down...
2026-06-15 00:42:50,351 : INFO : EventManager : Event: ======'shutdown'====== Args={}
2026-06-15 00:42:50,469 : INFO : root : MPF run loop ended.
